INFO - 2026-08-23 00:00:29 --> CSRF token verified.
DEBUG - 2026-08-23 00:00:29 --> Session: Class initialized using 'CodeIgniter\Session\Handlers\FileHandler' driver.
DEBUG - 2026-08-23 00:00:30 --> Session: Class initialized using 'CodeIgniter\Session\Handlers\FileHandler' driver.
DEBUG - 2026-08-23 00:00:49 --> Session: Class initialized using 'CodeIgniter\Session\Handlers\FileHandler' driver.
INFO - 2026-08-23 00:00:57 --> CSRF token verified.
DEBUG - 2026-08-23 00:00:57 --> Session: Class initialized using 'CodeIgniter\Session\Handlers\FileHandler' driver.
DEBUG - 2026-08-23 00:00:58 --> Session: Class initialized using 'CodeIgniter\Session\Handlers\FileHandler' driver.
DEBUG - 2026-08-23 00:01:05 --> Session: Class initialized using 'CodeIgniter\Session\Handlers\FileHandler' driver.
DEBUG - 2026-08-23 00:01:53 --> Session: Class initialized using 'CodeIgniter\Session\Handlers\FileHandler' driver.
DEBUG - 2026-08-23 00:01:55 --> Session: Class initialized using 'CodeIgniter\Session\Handlers\FileHandler' driver.
DEBUG - 2026-08-23 00:02:04 --> Session: Class initialized using 'CodeIgniter\Session\Handlers\FileHandler' driver.
DEBUG - 2026-08-23 00:02:07 --> Session: Class initialized using 'CodeIgniter\Session\Handlers\FileHandler' driver.
DEBUG - 2026-08-23 00:02:14 --> Session: Class initialized using 'CodeIgniter\Session\Handlers\FileHandler' driver.
INFO - 2026-08-23 00:02:34 --> CSRF token verified.
DEBUG - 2026-08-23 00:02:34 --> Session: Class initialized using 'CodeIgniter\Session\Handlers\FileHandler' driver.
DEBUG - 2026-08-23 00:02:35 --> Session: Class initialized using 'CodeIgniter\Session\Handlers\FileHandler' driver.
DEBUG - 2026-08-23 00:02:46 --> Session: Class initialized using 'CodeIgniter\Session\Handlers\FileHandler' driver.
INFO - 2026-08-23 00:04:21 --> CSRF token verified.
DEBUG - 2026-08-23 00:04:21 --> Session: Class initialized using 'CodeIgniter\Session\Handlers\FileHandler' driver.
DEBUG - 2026-08-23 00:04:37 --> Session: Class initialized using 'CodeIgniter\Session\Handlers\FileHandler' driver.
INFO - 2026-08-23 00:05:00 --> CSRF token verified.
DEBUG - 2026-08-23 00:05:01 --> Session: Class initialized using 'CodeIgniter\Session\Handlers\FileHandler' driver.
DEBUG - 2026-08-23 00:05:02 --> Session: Class initialized using 'CodeIgniter\Session\Handlers\FileHandler' driver.
DEBUG - 2026-08-23 00:05:21 --> Session: Class initialized using 'CodeIgniter\Session\Handlers\FileHandler' driver.
INFO - 2026-08-23 00:06:06 --> CSRF token verified.
DEBUG - 2026-08-23 00:06:06 --> Session: Class initialized using 'CodeIgniter\Session\Handlers\FileHandler' driver.
DEBUG - 2026-08-23 00:06:07 --> Session: Class initialized using 'CodeIgniter\Session\Handlers\FileHandler' driver.
DEBUG - 2026-08-23 00:06:11 --> Session: Class initialized using 'CodeIgniter\Session\Handlers\FileHandler' driver.
INFO - 2026-08-23 00:06:39 --> CSRF token verified.
DEBUG - 2026-08-23 00:06:39 --> Session: Class initialized using 'CodeIgniter\Session\Handlers\FileHandler' driver.
DEBUG - 2026-08-23 00:06:40 --> Session: Class initialized using 'CodeIgniter\Session\Handlers\FileHandler' driver.
DEBUG - 2026-08-23 00:06:43 --> Session: Class initialized using 'CodeIgniter\Session\Handlers\FileHandler' driver.
DEBUG - 2026-08-23 00:06:52 --> Session: Class initialized using 'CodeIgniter\Session\Handlers\FileHandler' driver.
INFO - 2026-08-23 00:06:53 --> CSRF token verified.
CRITICAL - 2026-08-23 00:06:53 --> ErrorException: finfo_file(C:\Users\Jamkrindo\AppData\Local\Temp\php331D.tmp): Failed to open stream: No such file or directory
[Method: POST, Route: agendaris/surat-masuk/48]
in SYSTEMPATH\Files\File.php on line 136.
 1 [internal function]: CodeIgniter\Debug\Exceptions->errorHandler(2, 'finfo_file(C:\\Users\\Jamkrindo\\AppData\\Local\\Temp\\php331D.tmp): Failed to open stream: No such file or directory', 'C:\\xampp\\htdocs\\operasional\\system\\Files\\File.php', 136)
 2 SYSTEMPATH\Files\File.php(136): finfo_file(Object(finfo), 'C:\\Users\\Jamkrindo\\AppData\\Local\\Temp\\php331D.tmp')
 3 APPPATH\Controllers\Agendaris.php(212): CodeIgniter\Files\File->getMimeType()
 4 SYSTEMPATH\CodeIgniter.php(974): App\Controllers\Agendaris->update(48)
 5 SYSTEMPATH\CodeIgniter.php(520): CodeIgniter\CodeIgniter->runController(Object(App\Controllers\Agendaris))
 6 SYSTEMPATH\CodeIgniter.php(363): CodeIgniter\CodeIgniter->handleRequest(null, Object(Config\Cache), false)
 7 SYSTEMPATH\Boot.php(417): CodeIgniter\CodeIgniter->run()
 8 SYSTEMPATH\Boot.php(68): CodeIgniter\Boot::runCodeIgniter(Object(CodeIgniter\CodeIgniter))
 9 FCPATH\index.php(59): CodeIgniter\Boot::bootWeb(Object(Config\Paths))
10 SYSTEMPATH\rewrite.php(44): require_once('C:\\xampp\\htdocs\\operasional\\public\\index.php')
CRITICAL - 2026-08-23 00:06:53 --> ErrorException: Uncaught ErrorException: Cannot modify header information - headers already sent by (output started at C:\xampp\htdocs\operasional\app\Config\Events.php:35) in C:\xampp\htdocs\operasional\system\HTTP\ResponseTrait.php:714
Stack trace:
#0 [internal function]: CodeIgniter\Debug\Exceptions->errorHandler(2, 'Cannot modify h...', 'C:\\xampp\\htdocs...', 714)
#1 C:\xampp\htdocs\operasional\system\HTTP\ResponseTrait.php(714): setcookie('csrf_cookie_nam...', 'fc713d390d384fe...', Array)
#2 C:\xampp\htdocs\operasional\system\HTTP\ResponseTrait.php(690): CodeIgniter\HTTP\Response->doSetCookie('csrf_cookie_nam...', 'fc713d390d384fe...', Array)
#3 C:\xampp\htdocs\operasional\system\HTTP\ResponseTrait.php(670): CodeIgniter\HTTP\Response->dispatchCookies()
#4 C:\xampp\htdocs\operasional\system\HTTP\ResponseTrait.php(373): CodeIgniter\HTTP\Response->sendCookies()
#5 C:\xampp\htdocs\operasional\system\Debug\ExceptionHandler.php(95): CodeIgniter\HTTP\Response->send()
#6 C:\xampp\htdocs\operasional\system\Debug\Exceptions.php(151): CodeIgniter\Debug\ExceptionHandler->handle(Object(ErrorException), Object(CodeIgniter\HTTP\IncomingRequest), Object(CodeIgniter\HTTP\Response), 500, 1)
#7 [internal function]: CodeIgniter\Debug\Exceptions->exceptionHandler(Object(ErrorException))
#8 {main}
  thrown
【Previous Exception】
ErrorException
finfo_file(C:\Users\Jamkrindo\AppData\Local\Temp\php331D.tmp): Failed to open stream: No such file or directory
#0 [internal function]: CodeIgniter\Debug\Exceptions->errorHandler(2, 'finfo_file(C:\\U...', 'C:\\xampp\\htdocs...', 136)
#1 C:\xampp\htdocs\operasional\system\Files\File.php(136): finfo_file(Object(finfo), 'C:\\Users\\Jamkri...')
#2 C:\xampp\htdocs\operasional\app\Controllers\Agendaris.php(212): CodeIgniter\Files\File->getMimeType()
#3 C:\xampp\htdocs\operasional\system\CodeIgniter.php(974): App\Controllers\Agendaris->update(48)
#4 C:\xampp\htdocs\operasional\system\CodeIgniter.php(520): CodeIgniter\CodeIgniter->runController(Object(App\Controllers\Agendaris))
#5 C:\xampp\htdocs\operasional\system\CodeIgniter.php(363): CodeIgniter\CodeIgniter->handleRequest(NULL, Object(Config\Cache), false)
#6 C:\xampp\htdocs\operasional\system\Boot.php(417): CodeIgniter\CodeIgniter->run()
#7 C:\xampp\htdocs\operasional\system\Boot.php(68): CodeIgniter\Boot::runCodeIgniter(Object(CodeIgniter\CodeIgniter))
#8 C:\xampp\htdocs\operasional\public\index.php(59): CodeIgniter\Boot::bootWeb(Object(Config\Paths))
#9 C:\xampp\htdocs\operasional\system\rewrite.php(44): require_once('C:\\xampp\\htdocs...')
#10 {main}
[Method: POST, Route: agendaris/surat-masuk/48]
in SYSTEMPATH\HTTP\ResponseTrait.php on line 714.
 1 [internal function]: CodeIgniter\Debug\Exceptions->shutdownHandler()
DEBUG - 2026-08-23 00:07:23 --> Session: Class initialized using 'CodeIgniter\Session\Handlers\FileHandler' driver.
INFO - 2026-08-23 00:07:24 --> CSRF token verified.
CRITICAL - 2026-08-23 00:07:24 --> ErrorException: finfo_file(C:\Users\Jamkrindo\AppData\Local\Temp\phpAB5C.tmp): Failed to open stream: No such file or directory
[Method: POST, Route: agendaris/surat-masuk/50]
in SYSTEMPATH\Files\File.php on line 136.
 1 [internal function]: CodeIgniter\Debug\Exceptions->errorHandler(2, 'finfo_file(C:\\Users\\Jamkrindo\\AppData\\Local\\Temp\\phpAB5C.tmp): Failed to open stream: No such file or directory', 'C:\\xampp\\htdocs\\operasional\\system\\Files\\File.php', 136)
 2 SYSTEMPATH\Files\File.php(136): finfo_file(Object(finfo), 'C:\\Users\\Jamkrindo\\AppData\\Local\\Temp\\phpAB5C.tmp')
 3 APPPATH\Controllers\Agendaris.php(212): CodeIgniter\Files\File->getMimeType()
 4 SYSTEMPATH\CodeIgniter.php(974): App\Controllers\Agendaris->update(50)
 5 SYSTEMPATH\CodeIgniter.php(520): CodeIgniter\CodeIgniter->runController(Object(App\Controllers\Agendaris))
 6 SYSTEMPATH\CodeIgniter.php(363): CodeIgniter\CodeIgniter->handleRequest(null, Object(Config\Cache), false)
 7 SYSTEMPATH\Boot.php(417): CodeIgniter\CodeIgniter->run()
 8 SYSTEMPATH\Boot.php(68): CodeIgniter\Boot::runCodeIgniter(Object(CodeIgniter\CodeIgniter))
 9 FCPATH\index.php(59): CodeIgniter\Boot::bootWeb(Object(Config\Paths))
10 SYSTEMPATH\rewrite.php(44): require_once('C:\\xampp\\htdocs\\operasional\\public\\index.php')
CRITICAL - 2026-08-23 00:07:24 --> ErrorException: Uncaught ErrorException: Cannot modify header information - headers already sent by (output started at C:\xampp\htdocs\operasional\app\Config\Events.php:35) in C:\xampp\htdocs\operasional\system\HTTP\ResponseTrait.php:714
Stack trace:
#0 [internal function]: CodeIgniter\Debug\Exceptions->errorHandler(2, 'Cannot modify h...', 'C:\\xampp\\htdocs...', 714)
#1 C:\xampp\htdocs\operasional\system\HTTP\ResponseTrait.php(714): setcookie('csrf_cookie_nam...', '4f52d01d206dbd6...', Array)
#2 C:\xampp\htdocs\operasional\system\HTTP\ResponseTrait.php(690): CodeIgniter\HTTP\Response->doSetCookie('csrf_cookie_nam...', '4f52d01d206dbd6...', Array)
#3 C:\xampp\htdocs\operasional\system\HTTP\ResponseTrait.php(670): CodeIgniter\HTTP\Response->dispatchCookies()
#4 C:\xampp\htdocs\operasional\system\HTTP\ResponseTrait.php(373): CodeIgniter\HTTP\Response->sendCookies()
#5 C:\xampp\htdocs\operasional\system\Debug\ExceptionHandler.php(95): CodeIgniter\HTTP\Response->send()
#6 C:\xampp\htdocs\operasional\system\Debug\Exceptions.php(151): CodeIgniter\Debug\ExceptionHandler->handle(Object(ErrorException), Object(CodeIgniter\HTTP\IncomingRequest), Object(CodeIgniter\HTTP\Response), 500, 1)
#7 [internal function]: CodeIgniter\Debug\Exceptions->exceptionHandler(Object(ErrorException))
#8 {main}
  thrown
【Previous Exception】
ErrorException
finfo_file(C:\Users\Jamkrindo\AppData\Local\Temp\phpAB5C.tmp): Failed to open stream: No such file or directory
#0 [internal function]: CodeIgniter\Debug\Exceptions->errorHandler(2, 'finfo_file(C:\\U...', 'C:\\xampp\\htdocs...', 136)
#1 C:\xampp\htdocs\operasional\system\Files\File.php(136): finfo_file(Object(finfo), 'C:\\Users\\Jamkri...')
#2 C:\xampp\htdocs\operasional\app\Controllers\Agendaris.php(212): CodeIgniter\Files\File->getMimeType()
#3 C:\xampp\htdocs\operasional\system\CodeIgniter.php(974): App\Controllers\Agendaris->update(50)
#4 C:\xampp\htdocs\operasional\system\CodeIgniter.php(520): CodeIgniter\CodeIgniter->runController(Object(App\Controllers\Agendaris))
#5 C:\xampp\htdocs\operasional\system\CodeIgniter.php(363): CodeIgniter\CodeIgniter->handleRequest(NULL, Object(Config\Cache), false)
#6 C:\xampp\htdocs\operasional\system\Boot.php(417): CodeIgniter\CodeIgniter->run()
#7 C:\xampp\htdocs\operasional\system\Boot.php(68): CodeIgniter\Boot::runCodeIgniter(Object(CodeIgniter\CodeIgniter))
#8 C:\xampp\htdocs\operasional\public\index.php(59): CodeIgniter\Boot::bootWeb(Object(Config\Paths))
#9 C:\xampp\htdocs\operasional\system\rewrite.php(44): require_once('C:\\xampp\\htdocs...')
#10 {main}
[Method: POST, Route: agendaris/surat-masuk/50]
in SYSTEMPATH\HTTP\ResponseTrait.php on line 714.
 1 [internal function]: CodeIgniter\Debug\Exceptions->shutdownHandler()
INFO - 2026-08-23 00:08:37 --> CSRF token verified.
CRITICAL - 2026-08-23 00:08:37 --> ErrorException: finfo_file(C:\Users\Jamkrindo\AppData\Local\Temp\phpCB45.tmp): Failed to open stream: No such file or directory
[Method: POST, Route: agendaris/surat-masuk/20]
in SYSTEMPATH\Files\File.php on line 136.
 1 [internal function]: CodeIgniter\Debug\Exceptions->errorHandler(2, 'finfo_file(C:\\Users\\Jamkrindo\\AppData\\Local\\Temp\\phpCB45.tmp): Failed to open stream: No such file or directory', 'C:\\xampp\\htdocs\\operasional\\system\\Files\\File.php', 136)
 2 SYSTEMPATH\Files\File.php(136): finfo_file(Object(finfo), 'C:\\Users\\Jamkrindo\\AppData\\Local\\Temp\\phpCB45.tmp')
 3 APPPATH\Controllers\Agendaris.php(212): CodeIgniter\Files\File->getMimeType()
 4 SYSTEMPATH\CodeIgniter.php(974): App\Controllers\Agendaris->update(20)
 5 SYSTEMPATH\CodeIgniter.php(520): CodeIgniter\CodeIgniter->runController(Object(App\Controllers\Agendaris))
 6 SYSTEMPATH\CodeIgniter.php(363): CodeIgniter\CodeIgniter->handleRequest(null, Object(Config\Cache), false)
 7 SYSTEMPATH\Boot.php(417): CodeIgniter\CodeIgniter->run()
 8 SYSTEMPATH\Boot.php(68): CodeIgniter\Boot::runCodeIgniter(Object(CodeIgniter\CodeIgniter))
 9 FCPATH\index.php(59): CodeIgniter\Boot::bootWeb(Object(Config\Paths))
10 SYSTEMPATH\rewrite.php(44): require_once('C:\\xampp\\htdocs\\operasional\\public\\index.php')
CRITICAL - 2026-08-23 00:08:37 --> ErrorException: Uncaught ErrorException: Cannot modify header information - headers already sent by (output started at C:\xampp\htdocs\operasional\app\Config\Events.php:35) in C:\xampp\htdocs\operasional\system\HTTP\ResponseTrait.php:714
Stack trace:
#0 [internal function]: CodeIgniter\Debug\Exceptions->errorHandler(2, 'Cannot modify h...', 'C:\\xampp\\htdocs...', 714)
#1 C:\xampp\htdocs\operasional\system\HTTP\ResponseTrait.php(714): setcookie('csrf_cookie_nam...', '231d5d1b3743ca2...', Array)
#2 C:\xampp\htdocs\operasional\system\HTTP\ResponseTrait.php(690): CodeIgniter\HTTP\Response->doSetCookie('csrf_cookie_nam...', '231d5d1b3743ca2...', Array)
#3 C:\xampp\htdocs\operasional\system\HTTP\ResponseTrait.php(670): CodeIgniter\HTTP\Response->dispatchCookies()
#4 C:\xampp\htdocs\operasional\system\HTTP\ResponseTrait.php(373): CodeIgniter\HTTP\Response->sendCookies()
#5 C:\xampp\htdocs\operasional\system\Debug\ExceptionHandler.php(95): CodeIgniter\HTTP\Response->send()
#6 C:\xampp\htdocs\operasional\system\Debug\Exceptions.php(151): CodeIgniter\Debug\ExceptionHandler->handle(Object(ErrorException), Object(CodeIgniter\HTTP\IncomingRequest), Object(CodeIgniter\HTTP\Response), 500, 1)
#7 [internal function]: CodeIgniter\Debug\Exceptions->exceptionHandler(Object(ErrorException))
#8 {main}
  thrown
【Previous Exception】
ErrorException
finfo_file(C:\Users\Jamkrindo\AppData\Local\Temp\phpCB45.tmp): Failed to open stream: No such file or directory
#0 [internal function]: CodeIgniter\Debug\Exceptions->errorHandler(2, 'finfo_file(C:\\U...', 'C:\\xampp\\htdocs...', 136)
#1 C:\xampp\htdocs\operasional\system\Files\File.php(136): finfo_file(Object(finfo), 'C:\\Users\\Jamkri...')
#2 C:\xampp\htdocs\operasional\app\Controllers\Agendaris.php(212): CodeIgniter\Files\File->getMimeType()
#3 C:\xampp\htdocs\operasional\system\CodeIgniter.php(974): App\Controllers\Agendaris->update(20)
#4 C:\xampp\htdocs\operasional\system\CodeIgniter.php(520): CodeIgniter\CodeIgniter->runController(Object(App\Controllers\Agendaris))
#5 C:\xampp\htdocs\operasional\system\CodeIgniter.php(363): CodeIgniter\CodeIgniter->handleRequest(NULL, Object(Config\Cache), false)
#6 C:\xampp\htdocs\operasional\system\Boot.php(417): CodeIgniter\CodeIgniter->run()
#7 C:\xampp\htdocs\operasional\system\Boot.php(68): CodeIgniter\Boot::runCodeIgniter(Object(CodeIgniter\CodeIgniter))
#8 C:\xampp\htdocs\operasional\public\index.php(59): CodeIgniter\Boot::bootWeb(Object(Config\Paths))
#9 C:\xampp\htdocs\operasional\system\rewrite.php(44): require_once('C:\\xampp\\htdocs...')
#10 {main}
[Method: POST, Route: agendaris/surat-masuk/20]
in SYSTEMPATH\HTTP\ResponseTrait.php on line 714.
 1 [internal function]: CodeIgniter\Debug\Exceptions->shutdownHandler()
DEBUG - 2026-08-23 00:08:48 --> Session: Class initialized using 'CodeIgniter\Session\Handlers\FileHandler' driver.
DEBUG - 2026-08-23 00:09:27 --> Session: Class initialized using 'CodeIgniter\Session\Handlers\FileHandler' driver.
DEBUG - 2026-08-23 00:09:29 --> Session: Class initialized using 'CodeIgniter\Session\Handlers\FileHandler' driver.
DEBUG - 2026-08-23 00:09:33 --> Session: Class initialized using 'CodeIgniter\Session\Handlers\FileHandler' driver.
DEBUG - 2026-08-23 00:09:40 --> Session: Class initialized using 'CodeIgniter\Session\Handlers\FileHandler' driver.
DEBUG - 2026-08-23 00:10:16 --> Session: Class initialized using 'CodeIgniter\Session\Handlers\FileHandler' driver.
INFO - 2026-08-23 00:10:16 --> CSRF token verified.
CRITICAL - 2026-08-23 00:10:16 --> ErrorException: finfo_file(C:\Users\Jamkrindo\AppData\Local\Temp\php4DF9.tmp): Failed to open stream: No such file or directory
[Method: POST, Route: agendaris/surat-masuk/51]
in SYSTEMPATH\Files\File.php on line 136.
 1 [internal function]: CodeIgniter\Debug\Exceptions->errorHandler(2, 'finfo_file(C:\\Users\\Jamkrindo\\AppData\\Local\\Temp\\php4DF9.tmp): Failed to open stream: No such file or directory', 'C:\\xampp\\htdocs\\operasional\\system\\Files\\File.php', 136)
 2 SYSTEMPATH\Files\File.php(136): finfo_file(Object(finfo), 'C:\\Users\\Jamkrindo\\AppData\\Local\\Temp\\php4DF9.tmp')
 3 APPPATH\Controllers\Agendaris.php(212): CodeIgniter\Files\File->getMimeType()
 4 SYSTEMPATH\CodeIgniter.php(974): App\Controllers\Agendaris->update(51)
 5 SYSTEMPATH\CodeIgniter.php(520): CodeIgniter\CodeIgniter->runController(Object(App\Controllers\Agendaris))
 6 SYSTEMPATH\CodeIgniter.php(363): CodeIgniter\CodeIgniter->handleRequest(null, Object(Config\Cache), false)
 7 SYSTEMPATH\Boot.php(417): CodeIgniter\CodeIgniter->run()
 8 SYSTEMPATH\Boot.php(68): CodeIgniter\Boot::runCodeIgniter(Object(CodeIgniter\CodeIgniter))
 9 FCPATH\index.php(59): CodeIgniter\Boot::bootWeb(Object(Config\Paths))
10 SYSTEMPATH\rewrite.php(44): require_once('C:\\xampp\\htdocs\\operasional\\public\\index.php')
CRITICAL - 2026-08-23 00:10:16 --> ErrorException: Uncaught ErrorException: Cannot modify header information - headers already sent by (output started at C:\xampp\htdocs\operasional\app\Config\Events.php:35) in C:\xampp\htdocs\operasional\system\HTTP\ResponseTrait.php:714
Stack trace:
#0 [internal function]: CodeIgniter\Debug\Exceptions->errorHandler(2, 'Cannot modify h...', 'C:\\xampp\\htdocs...', 714)
#1 C:\xampp\htdocs\operasional\system\HTTP\ResponseTrait.php(714): setcookie('csrf_cookie_nam...', '0cf641aa5e23f5c...', Array)
#2 C:\xampp\htdocs\operasional\system\HTTP\ResponseTrait.php(690): CodeIgniter\HTTP\Response->doSetCookie('csrf_cookie_nam...', '0cf641aa5e23f5c...', Array)
#3 C:\xampp\htdocs\operasional\system\HTTP\ResponseTrait.php(670): CodeIgniter\HTTP\Response->dispatchCookies()
#4 C:\xampp\htdocs\operasional\system\HTTP\ResponseTrait.php(373): CodeIgniter\HTTP\Response->sendCookies()
#5 C:\xampp\htdocs\operasional\system\Debug\ExceptionHandler.php(95): CodeIgniter\HTTP\Response->send()
#6 C:\xampp\htdocs\operasional\system\Debug\Exceptions.php(151): CodeIgniter\Debug\ExceptionHandler->handle(Object(ErrorException), Object(CodeIgniter\HTTP\IncomingRequest), Object(CodeIgniter\HTTP\Response), 500, 1)
#7 [internal function]: CodeIgniter\Debug\Exceptions->exceptionHandler(Object(ErrorException))
#8 {main}
  thrown
【Previous Exception】
ErrorException
finfo_file(C:\Users\Jamkrindo\AppData\Local\Temp\php4DF9.tmp): Failed to open stream: No such file or directory
#0 [internal function]: CodeIgniter\Debug\Exceptions->errorHandler(2, 'finfo_file(C:\\U...', 'C:\\xampp\\htdocs...', 136)
#1 C:\xampp\htdocs\operasional\system\Files\File.php(136): finfo_file(Object(finfo), 'C:\\Users\\Jamkri...')
#2 C:\xampp\htdocs\operasional\app\Controllers\Agendaris.php(212): CodeIgniter\Files\File->getMimeType()
#3 C:\xampp\htdocs\operasional\system\CodeIgniter.php(974): App\Controllers\Agendaris->update(51)
#4 C:\xampp\htdocs\operasional\system\CodeIgniter.php(520): CodeIgniter\CodeIgniter->runController(Object(App\Controllers\Agendaris))
#5 C:\xampp\htdocs\operasional\system\CodeIgniter.php(363): CodeIgniter\CodeIgniter->handleRequest(NULL, Object(Config\Cache), false)
#6 C:\xampp\htdocs\operasional\system\Boot.php(417): CodeIgniter\CodeIgniter->run()
#7 C:\xampp\htdocs\operasional\system\Boot.php(68): CodeIgniter\Boot::runCodeIgniter(Object(CodeIgniter\CodeIgniter))
#8 C:\xampp\htdocs\operasional\public\index.php(59): CodeIgniter\Boot::bootWeb(Object(Config\Paths))
#9 C:\xampp\htdocs\operasional\system\rewrite.php(44): require_once('C:\\xampp\\htdocs...')
#10 {main}
[Method: POST, Route: agendaris/surat-masuk/51]
in SYSTEMPATH\HTTP\ResponseTrait.php on line 714.
 1 [internal function]: CodeIgniter\Debug\Exceptions->shutdownHandler()
DEBUG - 2026-08-23 00:10:40 --> Session: Class initialized using 'CodeIgniter\Session\Handlers\FileHandler' driver.
INFO - 2026-08-23 00:10:40 --> CSRF token verified.
CRITICAL - 2026-08-23 00:10:41 --> ErrorException: finfo_file(C:\Users\Jamkrindo\AppData\Local\Temp\phpAC67.tmp): Failed to open stream: No such file or directory
[Method: POST, Route: agendaris/surat-masuk/53]
in SYSTEMPATH\Files\File.php on line 136.
 1 [internal function]: CodeIgniter\Debug\Exceptions->errorHandler(2, 'finfo_file(C:\\Users\\Jamkrindo\\AppData\\Local\\Temp\\phpAC67.tmp): Failed to open stream: No such file or directory', 'C:\\xampp\\htdocs\\operasional\\system\\Files\\File.php', 136)
 2 SYSTEMPATH\Files\File.php(136): finfo_file(Object(finfo), 'C:\\Users\\Jamkrindo\\AppData\\Local\\Temp\\phpAC67.tmp')
 3 APPPATH\Controllers\Agendaris.php(212): CodeIgniter\Files\File->getMimeType()
 4 SYSTEMPATH\CodeIgniter.php(974): App\Controllers\Agendaris->update(53)
 5 SYSTEMPATH\CodeIgniter.php(520): CodeIgniter\CodeIgniter->runController(Object(App\Controllers\Agendaris))
 6 SYSTEMPATH\CodeIgniter.php(363): CodeIgniter\CodeIgniter->handleRequest(null, Object(Config\Cache), false)
 7 SYSTEMPATH\Boot.php(417): CodeIgniter\CodeIgniter->run()
 8 SYSTEMPATH\Boot.php(68): CodeIgniter\Boot::runCodeIgniter(Object(CodeIgniter\CodeIgniter))
 9 FCPATH\index.php(59): CodeIgniter\Boot::bootWeb(Object(Config\Paths))
10 SYSTEMPATH\rewrite.php(44): require_once('C:\\xampp\\htdocs\\operasional\\public\\index.php')
CRITICAL - 2026-08-23 00:10:41 --> ErrorException: Uncaught ErrorException: Cannot modify header information - headers already sent by (output started at C:\xampp\htdocs\operasional\app\Config\Events.php:35) in C:\xampp\htdocs\operasional\system\HTTP\ResponseTrait.php:714
Stack trace:
#0 [internal function]: CodeIgniter\Debug\Exceptions->errorHandler(2, 'Cannot modify h...', 'C:\\xampp\\htdocs...', 714)
#1 C:\xampp\htdocs\operasional\system\HTTP\ResponseTrait.php(714): setcookie('csrf_cookie_nam...', '98ead7ee8fbcfaf...', Array)
#2 C:\xampp\htdocs\operasional\system\HTTP\ResponseTrait.php(690): CodeIgniter\HTTP\Response->doSetCookie('csrf_cookie_nam...', '98ead7ee8fbcfaf...', Array)
#3 C:\xampp\htdocs\operasional\system\HTTP\ResponseTrait.php(670): CodeIgniter\HTTP\Response->dispatchCookies()
#4 C:\xampp\htdocs\operasional\system\HTTP\ResponseTrait.php(373): CodeIgniter\HTTP\Response->sendCookies()
#5 C:\xampp\htdocs\operasional\system\Debug\ExceptionHandler.php(95): CodeIgniter\HTTP\Response->send()
#6 C:\xampp\htdocs\operasional\system\Debug\Exceptions.php(151): CodeIgniter\Debug\ExceptionHandler->handle(Object(ErrorException), Object(CodeIgniter\HTTP\IncomingRequest), Object(CodeIgniter\HTTP\Response), 500, 1)
#7 [internal function]: CodeIgniter\Debug\Exceptions->exceptionHandler(Object(ErrorException))
#8 {main}
  thrown
【Previous Exception】
ErrorException
finfo_file(C:\Users\Jamkrindo\AppData\Local\Temp\phpAC67.tmp): Failed to open stream: No such file or directory
#0 [internal function]: CodeIgniter\Debug\Exceptions->errorHandler(2, 'finfo_file(C:\\U...', 'C:\\xampp\\htdocs...', 136)
#1 C:\xampp\htdocs\operasional\system\Files\File.php(136): finfo_file(Object(finfo), 'C:\\Users\\Jamkri...')
#2 C:\xampp\htdocs\operasional\app\Controllers\Agendaris.php(212): CodeIgniter\Files\File->getMimeType()
#3 C:\xampp\htdocs\operasional\system\CodeIgniter.php(974): App\Controllers\Agendaris->update(53)
#4 C:\xampp\htdocs\operasional\system\CodeIgniter.php(520): CodeIgniter\CodeIgniter->runController(Object(App\Controllers\Agendaris))
#5 C:\xampp\htdocs\operasional\system\CodeIgniter.php(363): CodeIgniter\CodeIgniter->handleRequest(NULL, Object(Config\Cache), false)
#6 C:\xampp\htdocs\operasional\system\Boot.php(417): CodeIgniter\CodeIgniter->run()
#7 C:\xampp\htdocs\operasional\system\Boot.php(68): CodeIgniter\Boot::runCodeIgniter(Object(CodeIgniter\CodeIgniter))
#8 C:\xampp\htdocs\operasional\public\index.php(59): CodeIgniter\Boot::bootWeb(Object(Config\Paths))
#9 C:\xampp\htdocs\operasional\system\rewrite.php(44): require_once('C:\\xampp\\htdocs...')
#10 {main}
[Method: POST, Route: agendaris/surat-masuk/53]
in SYSTEMPATH\HTTP\ResponseTrait.php on line 714.
 1 [internal function]: CodeIgniter\Debug\Exceptions->shutdownHandler()
DEBUG - 2026-08-23 00:11:48 --> Session: Class initialized using 'CodeIgniter\Session\Handlers\FileHandler' driver.
DEBUG - 2026-08-23 00:12:17 --> Session: Class initialized using 'CodeIgniter\Session\Handlers\FileHandler' driver.
INFO - 2026-08-23 00:12:17 --> CSRF token verified.
CRITICAL - 2026-08-23 00:12:17 --> ErrorException: finfo_file(C:\xampp\htdocs\operasional\writable\tmp\php26DF.tmp): Failed to open stream: No such file or directory
[Method: POST, Route: agendaris/surat-masuk/54]
in SYSTEMPATH\Files\File.php on line 136.
 1 [internal function]: CodeIgniter\Debug\Exceptions->errorHandler(2, 'finfo_file(C:\\xampp\\htdocs\\operasional\\writable\\tmp\\php26DF.tmp): Failed to open stream: No such file or directory', 'C:\\xampp\\htdocs\\operasional\\system\\Files\\File.php', 136)
 2 SYSTEMPATH\Files\File.php(136): finfo_file(Object(finfo), 'C:\\xampp\\htdocs\\operasional\\writable\\tmp\\php26DF.tmp')
 3 APPPATH\Controllers\Agendaris.php(212): CodeIgniter\Files\File->getMimeType()
 4 SYSTEMPATH\CodeIgniter.php(974): App\Controllers\Agendaris->update(54)
 5 SYSTEMPATH\CodeIgniter.php(520): CodeIgniter\CodeIgniter->runController(Object(App\Controllers\Agendaris))
 6 SYSTEMPATH\CodeIgniter.php(363): CodeIgniter\CodeIgniter->handleRequest(null, Object(Config\Cache), false)
 7 SYSTEMPATH\Boot.php(417): CodeIgniter\CodeIgniter->run()
 8 SYSTEMPATH\Boot.php(68): CodeIgniter\Boot::runCodeIgniter(Object(CodeIgniter\CodeIgniter))
 9 FCPATH\index.php(59): CodeIgniter\Boot::bootWeb(Object(Config\Paths))
10 SYSTEMPATH\rewrite.php(44): require_once('C:\\xampp\\htdocs\\operasional\\public\\index.php')
DEBUG - 2026-08-23 00:14:21 --> Session: Class initialized using 'CodeIgniter\Session\Handlers\FileHandler' driver.
INFO - 2026-08-23 00:14:21 --> CSRF token verified.
DEBUG - 2026-08-23 00:14:22 --> Session: Class initialized using 'CodeIgniter\Session\Handlers\FileHandler' driver.
INFO - 2026-08-23 00:14:23 --> CSRF token verified.
DEBUG - 2026-08-23 00:14:23 --> Session: Class initialized using 'CodeIgniter\Session\Handlers\FileHandler' driver.
INFO - 2026-08-23 00:14:24 --> CSRF token verified.
DEBUG - 2026-08-23 00:14:24 --> Session: Class initialized using 'CodeIgniter\Session\Handlers\FileHandler' driver.
INFO - 2026-08-23 00:14:24 --> CSRF token verified.
DEBUG - 2026-08-23 00:14:24 --> Session: Class initialized using 'CodeIgniter\Session\Handlers\FileHandler' driver.
DEBUG - 2026-08-23 00:15:26 --> Session: Class initialized using 'CodeIgniter\Session\Handlers\FileHandler' driver.
DEBUG - 2026-08-23 00:15:55 --> Session: Class initialized using 'CodeIgniter\Session\Handlers\FileHandler' driver.
DEBUG - 2026-08-23 00:29:32 --> Session: Class initialized using 'CodeIgniter\Session\Handlers\FileHandler' driver.
INFO - 2026-08-23 00:29:38 --> CSRF token verified.
DEBUG - 2026-08-23 00:29:38 --> Session: Class initialized using 'CodeIgniter\Session\Handlers\FileHandler' driver.
DEBUG - 2026-08-23 00:29:38 --> Session: Class initialized using 'CodeIgniter\Session\Handlers\FileHandler' driver.
INFO - 2026-08-23 00:29:41 --> CSRF token verified.
DEBUG - 2026-08-23 00:29:42 --> Session: Class initialized using 'CodeIgniter\Session\Handlers\FileHandler' driver.
DEBUG - 2026-08-23 00:29:42 --> Session: Class initialized using 'CodeIgniter\Session\Handlers\FileHandler' driver.
INFO - 2026-08-23 00:29:44 --> CSRF token verified.
DEBUG - 2026-08-23 00:29:44 --> Session: Class initialized using 'CodeIgniter\Session\Handlers\FileHandler' driver.
DEBUG - 2026-08-23 00:29:45 --> Session: Class initialized using 'CodeIgniter\Session\Handlers\FileHandler' driver.
INFO - 2026-08-23 00:29:50 --> CSRF token verified.
DEBUG - 2026-08-23 00:29:50 --> Session: Class initialized using 'CodeIgniter\Session\Handlers\FileHandler' driver.
DEBUG - 2026-08-23 00:29:51 --> Session: Class initialized using 'CodeIgniter\Session\Handlers\FileHandler' driver.
INFO - 2026-08-23 00:29:53 --> CSRF token verified.
DEBUG - 2026-08-23 00:29:53 --> Session: Class initialized using 'CodeIgniter\Session\Handlers\FileHandler' driver.
DEBUG - 2026-08-23 00:29:54 --> Session: Class initialized using 'CodeIgniter\Session\Handlers\FileHandler' driver.
INFO - 2026-08-23 00:29:56 --> CSRF token verified.
DEBUG - 2026-08-23 00:29:56 --> Session: Class initialized using 'CodeIgniter\Session\Handlers\FileHandler' driver.
DEBUG - 2026-08-23 00:29:57 --> Session: Class initialized using 'CodeIgniter\Session\Handlers\FileHandler' driver.
DEBUG - 2026-08-23 00:31:37 --> Session: Class initialized using 'CodeIgniter\Session\Handlers\FileHandler' driver.
DEBUG - 2026-08-23 00:35:33 --> Session: Class initialized using 'CodeIgniter\Session\Handlers\FileHandler' driver.
INFO - 2026-08-23 00:35:33 --> CSRF token verified.
DEBUG - 2026-08-23 00:35:34 --> Session: Class initialized using 'CodeIgniter\Session\Handlers\FileHandler' driver.
INFO - 2026-08-23 00:35:34 --> CSRF token verified.
DEBUG - 2026-08-23 00:35:35 --> Session: Class initialized using 'CodeIgniter\Session\Handlers\FileHandler' driver.
INFO - 2026-08-23 00:35:35 --> CSRF token verified.
DEBUG - 2026-08-23 00:35:35 --> Session: Class initialized using 'CodeIgniter\Session\Handlers\FileHandler' driver.
DEBUG - 2026-08-23 00:35:51 --> Session: Class initialized using 'CodeIgniter\Session\Handlers\FileHandler' driver.
DEBUG - 2026-08-23 00:42:58 --> Session: Class initialized using 'CodeIgniter\Session\Handlers\FileHandler' driver.
DEBUG - 2026-08-23 00:43:00 --> Session: Class initialized using 'CodeIgniter\Session\Handlers\FileHandler' driver.
INFO - 2026-08-23 00:44:44 --> CSRF token verified.
DEBUG - 2026-08-23 00:44:45 --> Session: Class initialized using 'CodeIgniter\Session\Handlers\FileHandler' driver.
DEBUG - 2026-08-23 00:49:24 --> Session: Class initialized using 'CodeIgniter\Session\Handlers\FileHandler' driver.
DEBUG - 2026-08-23 00:49:55 --> Session: Class initialized using 'CodeIgniter\Session\Handlers\FileHandler' driver.
INFO - 2026-08-23 00:49:55 --> CSRF token verified.
DEBUG - 2026-08-23 00:49:56 --> Session: Class initialized using 'CodeIgniter\Session\Handlers\FileHandler' driver.
INFO - 2026-08-23 00:49:56 --> CSRF token verified.
DEBUG - 2026-08-23 00:49:57 --> Session: Class initialized using 'CodeIgniter\Session\Handlers\FileHandler' driver.
INFO - 2026-08-23 00:49:57 --> CSRF token verified.
DEBUG - 2026-08-23 00:49:58 --> Session: Class initialized using 'CodeIgniter\Session\Handlers\FileHandler' driver.
INFO - 2026-08-23 00:49:58 --> CSRF token verified.
DEBUG - 2026-08-23 00:49:58 --> Session: Class initialized using 'CodeIgniter\Session\Handlers\FileHandler' driver.
DEBUG - 2026-08-23 00:50:46 --> Session: Class initialized using 'CodeIgniter\Session\Handlers\FileHandler' driver.
INFO - 2026-08-23 00:51:03 --> CSRF token verified.
DEBUG - 2026-08-23 00:51:04 --> Session: Class initialized using 'CodeIgniter\Session\Handlers\FileHandler' driver.
INFO - 2026-08-23 00:55:41 --> CSRF token verified.
DEBUG - 2026-08-23 00:55:42 --> Session: Class initialized using 'CodeIgniter\Session\Handlers\FileHandler' driver.
INFO - 2026-08-23 00:57:28 --> CSRF token verified.
DEBUG - 2026-08-23 00:57:28 --> Session: Class initialized using 'CodeIgniter\Session\Handlers\FileHandler' driver.
DEBUG - 2026-08-23 00:59:45 --> Session: Class initialized using 'CodeIgniter\Session\Handlers\FileHandler' driver.
DEBUG - 2026-08-23 00:59:45 --> Session: Class initialized using 'CodeIgniter\Session\Handlers\FileHandler' driver.
DEBUG - 2026-08-23 01:00:01 --> Session: Class initialized using 'CodeIgniter\Session\Handlers\FileHandler' driver.
DEBUG - 2026-08-23 01:00:12 --> Session: Class initialized using 'CodeIgniter\Session\Handlers\FileHandler' driver.
DEBUG - 2026-08-23 01:02:01 --> Session: Class initialized using 'CodeIgniter\Session\Handlers\FileHandler' driver.
DEBUG - 2026-08-23 01:03:39 --> Session: Class initialized using 'CodeIgniter\Session\Handlers\FileHandler' driver.
DEBUG - 2026-08-23 01:04:39 --> Session: Class initialized using 'CodeIgniter\Session\Handlers\FileHandler' driver.
DEBUG - 2026-08-23 01:04:45 --> Session: Class initialized using 'CodeIgniter\Session\Handlers\FileHandler' driver.
DEBUG - 2026-08-23 01:07:59 --> Session: Class initialized using 'CodeIgniter\Session\Handlers\FileHandler' driver.
DEBUG - 2026-08-23 01:08:00 --> Session: Class initialized using 'CodeIgniter\Session\Handlers\FileHandler' driver.
DEBUG - 2026-08-23 01:08:00 --> Session: Class initialized using 'CodeIgniter\Session\Handlers\FileHandler' driver.
DEBUG - 2026-08-23 01:08:14 --> Session: Class initialized using 'CodeIgniter\Session\Handlers\FileHandler' driver.
DEBUG - 2026-08-23 01:09:32 --> Session: Class initialized using 'CodeIgniter\Session\Handlers\FileHandler' driver.
DEBUG - 2026-08-23 01:09:33 --> Session: Class initialized using 'CodeIgniter\Session\Handlers\FileHandler' driver.
DEBUG - 2026-08-23 01:09:33 --> Session: Class initialized using 'CodeIgniter\Session\Handlers\FileHandler' driver.
DEBUG - 2026-08-23 01:10:01 --> Session: Class initialized using 'CodeIgniter\Session\Handlers\FileHandler' driver.
DEBUG - 2026-08-23 01:10:01 --> Session: Class initialized using 'CodeIgniter\Session\Handlers\FileHandler' driver.
DEBUG - 2026-08-23 01:10:16 --> Session: Class initialized using 'CodeIgniter\Session\Handlers\FileHandler' driver.
DEBUG - 2026-08-23 01:10:19 --> Session: Class initialized using 'CodeIgniter\Session\Handlers\FileHandler' driver.
DEBUG - 2026-08-23 01:10:23 --> Session: Class initialized using 'CodeIgniter\Session\Handlers\FileHandler' driver.
DEBUG - 2026-08-23 01:10:27 --> Session: Class initialized using 'CodeIgniter\Session\Handlers\FileHandler' driver.
DEBUG - 2026-08-23 01:10:46 --> Session: Class initialized using 'CodeIgniter\Session\Handlers\FileHandler' driver.
DEBUG - 2026-08-23 01:10:50 --> Session: Class initialized using 'CodeIgniter\Session\Handlers\FileHandler' driver.
DEBUG - 2026-08-23 01:10:52 --> Session: Class initialized using 'CodeIgniter\Session\Handlers\FileHandler' driver.
DEBUG - 2026-08-23 01:10:55 --> Session: Class initialized using 'CodeIgniter\Session\Handlers\FileHandler' driver.
DEBUG - 2026-08-23 01:19:57 --> Session: Class initialized using 'CodeIgniter\Session\Handlers\FileHandler' driver.
DEBUG - 2026-08-23 01:19:57 --> Session: Class initialized using 'CodeIgniter\Session\Handlers\FileHandler' driver.
DEBUG - 2026-08-23 01:20:31 --> Session: Class initialized using 'CodeIgniter\Session\Handlers\FileHandler' driver.
INFO - 2026-08-23 01:20:32 --> CSRF token verified.
DEBUG - 2026-08-23 01:20:32 --> Session: Class initialized using 'CodeIgniter\Session\Handlers\FileHandler' driver.
DEBUG - 2026-08-23 01:20:33 --> Session: Class initialized using 'CodeIgniter\Session\Handlers\FileHandler' driver.
INFO - 2026-08-23 01:20:33 --> CSRF token verified.
DEBUG - 2026-08-23 01:20:33 --> Session: Class initialized using 'CodeIgniter\Session\Handlers\FileHandler' driver.
DEBUG - 2026-08-23 01:20:33 --> Session: Class initialized using 'CodeIgniter\Session\Handlers\FileHandler' driver.
INFO - 2026-08-23 01:20:34 --> CSRF token verified.
DEBUG - 2026-08-23 01:20:34 --> Session: Class initialized using 'CodeIgniter\Session\Handlers\FileHandler' driver.
DEBUG - 2026-08-23 01:20:34 --> Session: Class initialized using 'CodeIgniter\Session\Handlers\FileHandler' driver.
DEBUG - 2026-08-23 01:21:13 --> Session: Class initialized using 'CodeIgniter\Session\Handlers\FileHandler' driver.
INFO - 2026-08-23 01:21:13 --> CSRF token verified.
DEBUG - 2026-08-23 01:21:13 --> Session: Class initialized using 'CodeIgniter\Session\Handlers\FileHandler' driver.
DEBUG - 2026-08-23 01:21:14 --> Session: Class initialized using 'CodeIgniter\Session\Handlers\FileHandler' driver.
INFO - 2026-08-23 01:21:14 --> CSRF token verified.
DEBUG - 2026-08-23 01:21:14 --> Session: Class initialized using 'CodeIgniter\Session\Handlers\FileHandler' driver.
DEBUG - 2026-08-23 01:21:15 --> Session: Class initialized using 'CodeIgniter\Session\Handlers\FileHandler' driver.
INFO - 2026-08-23 01:21:15 --> CSRF token verified.
DEBUG - 2026-08-23 01:21:15 --> Session: Class initialized using 'CodeIgniter\Session\Handlers\FileHandler' driver.
DEBUG - 2026-08-23 01:21:15 --> Session: Class initialized using 'CodeIgniter\Session\Handlers\FileHandler' driver.
DEBUG - 2026-08-23 01:21:16 --> Session: Class initialized using 'CodeIgniter\Session\Handlers\FileHandler' driver.
INFO - 2026-08-23 01:21:16 --> CSRF token verified.
DEBUG - 2026-08-23 01:21:16 --> Session: Class initialized using 'CodeIgniter\Session\Handlers\FileHandler' driver.
DEBUG - 2026-08-23 01:21:45 --> Session: Class initialized using 'CodeIgniter\Session\Handlers\FileHandler' driver.
DEBUG - 2026-08-23 01:22:00 --> Session: Class initialized using 'CodeIgniter\Session\Handlers\FileHandler' driver.
DEBUG - 2026-08-23 01:22:28 --> Session: Class initialized using 'CodeIgniter\Session\Handlers\FileHandler' driver.
DEBUG - 2026-08-23 01:22:30 --> Session: Class initialized using 'CodeIgniter\Session\Handlers\FileHandler' driver.
DEBUG - 2026-08-23 01:22:32 --> Session: Class initialized using 'CodeIgniter\Session\Handlers\FileHandler' driver.
DEBUG - 2026-08-23 01:22:36 --> Session: Class initialized using 'CodeIgniter\Session\Handlers\FileHandler' driver.
DEBUG - 2026-08-23 01:22:39 --> Session: Class initialized using 'CodeIgniter\Session\Handlers\FileHandler' driver.
INFO - 2026-08-23 01:26:40 --> CSRF token verified.
DEBUG - 2026-08-23 01:26:40 --> Session: Class initialized using 'CodeIgniter\Session\Handlers\FileHandler' driver.
DEBUG - 2026-08-23 01:26:41 --> Session: Class initialized using 'CodeIgniter\Session\Handlers\FileHandler' driver.
DEBUG - 2026-08-23 01:27:41 --> Session: Class initialized using 'CodeIgniter\Session\Handlers\FileHandler' driver.
DEBUG - 2026-08-23 01:27:51 --> Session: Class initialized using 'CodeIgniter\Session\Handlers\FileHandler' driver.
DEBUG - 2026-08-23 14:22:00 --> Session: Class initialized using 'CodeIgniter\Session\Handlers\FileHandler' driver.
INFO - 2026-08-23 14:22:08 --> CSRF token verified.
DEBUG - 2026-08-23 14:22:08 --> Session: Class initialized using 'CodeIgniter\Session\Handlers\FileHandler' driver.
DEBUG - 2026-08-23 14:22:09 --> Session: Class initialized using 'CodeIgniter\Session\Handlers\FileHandler' driver.
INFO - 2026-08-23 14:22:12 --> CSRF token verified.
DEBUG - 2026-08-23 14:22:12 --> Session: Class initialized using 'CodeIgniter\Session\Handlers\FileHandler' driver.
DEBUG - 2026-08-23 14:22:13 --> Session: Class initialized using 'CodeIgniter\Session\Handlers\FileHandler' driver.
INFO - 2026-08-23 14:22:16 --> CSRF token verified.
DEBUG - 2026-08-23 14:22:16 --> Session: Class initialized using 'CodeIgniter\Session\Handlers\FileHandler' driver.
DEBUG - 2026-08-23 14:22:17 --> Session: Class initialized using 'CodeIgniter\Session\Handlers\FileHandler' driver.
INFO - 2026-08-23 14:22:20 --> CSRF token verified.
DEBUG - 2026-08-23 14:22:20 --> Session: Class initialized using 'CodeIgniter\Session\Handlers\FileHandler' driver.
DEBUG - 2026-08-23 14:22:21 --> Session: Class initialized using 'CodeIgniter\Session\Handlers\FileHandler' driver.
INFO - 2026-08-23 14:22:24 --> CSRF token verified.
DEBUG - 2026-08-23 14:22:24 --> Session: Class initialized using 'CodeIgniter\Session\Handlers\FileHandler' driver.
DEBUG - 2026-08-23 14:22:25 --> Session: Class initialized using 'CodeIgniter\Session\Handlers\FileHandler' driver.
INFO - 2026-08-23 14:24:06 --> CSRF token verified.
DEBUG - 2026-08-23 14:24:06 --> Session: Class initialized using 'CodeIgniter\Session\Handlers\FileHandler' driver.
DEBUG - 2026-08-23 14:24:07 --> Session: Class initialized using 'CodeIgniter\Session\Handlers\FileHandler' driver.
DEBUG - 2026-08-23 14:24:25 --> Session: Class initialized using 'CodeIgniter\Session\Handlers\FileHandler' driver.
INFO - 2026-08-23 14:25:04 --> CSRF token verified.
DEBUG - 2026-08-23 14:25:05 --> Session: Class initialized using 'CodeIgniter\Session\Handlers\FileHandler' driver.
DEBUG - 2026-08-23 14:25:05 --> Session: Class initialized using 'CodeIgniter\Session\Handlers\FileHandler' driver.
DEBUG - 2026-08-23 14:25:10 --> Session: Class initialized using 'CodeIgniter\Session\Handlers\FileHandler' driver.
DEBUG - 2026-08-23 14:25:17 --> Session: Class initialized using 'CodeIgniter\Session\Handlers\FileHandler' driver.
DEBUG - 2026-08-23 14:25:49 --> Session: Class initialized using 'CodeIgniter\Session\Handlers\FileHandler' driver.
DEBUG - 2026-08-23 14:26:19 --> Session: Class initialized using 'CodeIgniter\Session\Handlers\FileHandler' driver.
DEBUG - 2026-08-23 14:26:25 --> Session: Class initialized using 'CodeIgniter\Session\Handlers\FileHandler' driver.
INFO - 2026-08-23 14:27:02 --> CSRF token verified.
DEBUG - 2026-08-23 14:27:02 --> Session: Class initialized using 'CodeIgniter\Session\Handlers\FileHandler' driver.
DEBUG - 2026-08-23 14:27:03 --> Session: Class initialized using 'CodeIgniter\Session\Handlers\FileHandler' driver.
DEBUG - 2026-08-23 14:27:07 --> Session: Class initialized using 'CodeIgniter\Session\Handlers\FileHandler' driver.
DEBUG - 2026-08-23 14:27:11 --> Session: Class initialized using 'CodeIgniter\Session\Handlers\FileHandler' driver.
INFO - 2026-08-23 14:27:14 --> CSRF token verified.
DEBUG - 2026-08-23 14:27:14 --> Session: Class initialized using 'CodeIgniter\Session\Handlers\FileHandler' driver.
DEBUG - 2026-08-23 14:27:14 --> Session: Class initialized using 'CodeIgniter\Session\Handlers\FileHandler' driver.
DEBUG - 2026-08-23 14:27:47 --> Session: Class initialized using 'CodeIgniter\Session\Handlers\FileHandler' driver.
DEBUG - 2026-08-23 14:27:52 --> Session: Class initialized using 'CodeIgniter\Session\Handlers\FileHandler' driver.
CRITICAL - 2026-08-23 16:29:22 --> CodeIgniter\HTTP\Exceptions\HTTPException: Request URI segment is out of range: "2"
[Method: GET, Route: /]
in SYSTEMPATH\HTTP\URI.php on line 575.
 1 SYSTEMPATH\HTTP\URI.php(575): CodeIgniter\HTTP\Exceptions\HTTPException::forURISegmentOutOfRange(2)
 2 APPPATH\Views\layouts\main.php(5): CodeIgniter\HTTP\URI->getSegment(2)
 3 SYSTEMPATH\View\View.php(240): include('C:\\xampp\\htdocs\\operasional\\app\\Views\\layouts\\main.php')
 4 SYSTEMPATH\View\View.php(243): CodeIgniter\View\View->CodeIgniter\View\{closure}()
 5 SYSTEMPATH\View\View.php(256): CodeIgniter\View\View->render('layouts/main', [], true)
 6 SYSTEMPATH\Common.php(1268): CodeIgniter\View\View->render('dashboard/index', [], true)
 7 APPPATH\Controllers\Dashboard.php(53): view('dashboard/index', [...])
 8 SYSTEMPATH\CodeIgniter.php(974): App\Controllers\Dashboard->index()
 9 SYSTEMPATH\CodeIgniter.php(520): CodeIgniter\CodeIgniter->runController(Object(App\Controllers\Dashboard))
10 SYSTEMPATH\CodeIgniter.php(363): CodeIgniter\CodeIgniter->handleRequest(null, Object(Config\Cache), false)
11 SYSTEMPATH\Boot.php(417): CodeIgniter\CodeIgniter->run()
12 SYSTEMPATH\Boot.php(68): CodeIgniter\Boot::runCodeIgniter(Object(CodeIgniter\CodeIgniter))
13 FCPATH\index.php(59): CodeIgniter\Boot::bootWeb(Object(Config\Paths))
14 SYSTEMPATH\rewrite.php(44): require_once('C:\\xampp\\htdocs\\operasional\\public\\index.php')
CRITICAL - 2026-08-23 16:29:23 --> CodeIgniter\HTTP\Exceptions\HTTPException: Request URI segment is out of range: "2"
[Method: GET, Route: /]
in SYSTEMPATH\HTTP\URI.php on line 575.
 1 SYSTEMPATH\HTTP\URI.php(575): CodeIgniter\HTTP\Exceptions\HTTPException::forURISegmentOutOfRange(2)
 2 APPPATH\Views\layouts\main.php(5): CodeIgniter\HTTP\URI->getSegment(2)
 3 SYSTEMPATH\View\View.php(240): include('C:\\xampp\\htdocs\\operasional\\app\\Views\\layouts\\main.php')
 4 SYSTEMPATH\View\View.php(243): CodeIgniter\View\View->CodeIgniter\View\{closure}()
 5 SYSTEMPATH\View\View.php(256): CodeIgniter\View\View->render('layouts/main', [], true)
 6 SYSTEMPATH\Common.php(1268): CodeIgniter\View\View->render('dashboard/index', [], true)
 7 APPPATH\Controllers\Dashboard.php(53): view('dashboard/index', [...])
 8 SYSTEMPATH\CodeIgniter.php(974): App\Controllers\Dashboard->index()
 9 SYSTEMPATH\CodeIgniter.php(520): CodeIgniter\CodeIgniter->runController(Object(App\Controllers\Dashboard))
10 SYSTEMPATH\CodeIgniter.php(363): CodeIgniter\CodeIgniter->handleRequest(null, Object(Config\Cache), false)
11 SYSTEMPATH\Boot.php(417): CodeIgniter\CodeIgniter->run()
12 SYSTEMPATH\Boot.php(68): CodeIgniter\Boot::runCodeIgniter(Object(CodeIgniter\CodeIgniter))
13 FCPATH\index.php(59): CodeIgniter\Boot::bootWeb(Object(Config\Paths))
14 SYSTEMPATH\rewrite.php(44): require_once('C:\\xampp\\htdocs\\operasional\\public\\index.php')
CRITICAL - 2026-08-23 16:29:24 --> CodeIgniter\HTTP\Exceptions\HTTPException: Request URI segment is out of range: "2"
[Method: GET, Route: /]
in SYSTEMPATH\HTTP\URI.php on line 575.
 1 SYSTEMPATH\HTTP\URI.php(575): CodeIgniter\HTTP\Exceptions\HTTPException::forURISegmentOutOfRange(2)
 2 APPPATH\Views\layouts\main.php(5): CodeIgniter\HTTP\URI->getSegment(2)
 3 SYSTEMPATH\View\View.php(240): include('C:\\xampp\\htdocs\\operasional\\app\\Views\\layouts\\main.php')
 4 SYSTEMPATH\View\View.php(243): CodeIgniter\View\View->CodeIgniter\View\{closure}()
 5 SYSTEMPATH\View\View.php(256): CodeIgniter\View\View->render('layouts/main', [], true)
 6 SYSTEMPATH\Common.php(1268): CodeIgniter\View\View->render('dashboard/index', [], true)
 7 APPPATH\Controllers\Dashboard.php(53): view('dashboard/index', [...])
 8 SYSTEMPATH\CodeIgniter.php(974): App\Controllers\Dashboard->index()
 9 SYSTEMPATH\CodeIgniter.php(520): CodeIgniter\CodeIgniter->runController(Object(App\Controllers\Dashboard))
10 SYSTEMPATH\CodeIgniter.php(363): CodeIgniter\CodeIgniter->handleRequest(null, Object(Config\Cache), false)
11 SYSTEMPATH\Boot.php(417): CodeIgniter\CodeIgniter->run()
12 SYSTEMPATH\Boot.php(68): CodeIgniter\Boot::runCodeIgniter(Object(CodeIgniter\CodeIgniter))
13 FCPATH\index.php(59): CodeIgniter\Boot::bootWeb(Object(Config\Paths))
14 SYSTEMPATH\rewrite.php(44): require_once('C:\\xampp\\htdocs\\operasional\\public\\index.php')
CRITICAL - 2026-08-23 16:29:46 --> CodeIgniter\HTTP\Exceptions\HTTPException: Request URI segment is out of range: "2"
[Method: GET, Route: /]
in SYSTEMPATH\HTTP\URI.php on line 575.
 1 SYSTEMPATH\HTTP\URI.php(575): CodeIgniter\HTTP\Exceptions\HTTPException::forURISegmentOutOfRange(2)
 2 APPPATH\Views\layouts\main.php(5): CodeIgniter\HTTP\URI->getSegment(2)
 3 SYSTEMPATH\View\View.php(240): include('C:\\xampp\\htdocs\\operasional\\app\\Views\\layouts\\main.php')
 4 SYSTEMPATH\View\View.php(243): CodeIgniter\View\View->CodeIgniter\View\{closure}()
 5 SYSTEMPATH\View\View.php(256): CodeIgniter\View\View->render('layouts/main', [], true)
 6 SYSTEMPATH\Common.php(1268): CodeIgniter\View\View->render('dashboard/index', [], true)
 7 APPPATH\Controllers\Dashboard.php(53): view('dashboard/index', [...])
 8 SYSTEMPATH\CodeIgniter.php(974): App\Controllers\Dashboard->index()
 9 SYSTEMPATH\CodeIgniter.php(520): CodeIgniter\CodeIgniter->runController(Object(App\Controllers\Dashboard))
10 SYSTEMPATH\CodeIgniter.php(363): CodeIgniter\CodeIgniter->handleRequest(null, Object(Config\Cache), false)
11 SYSTEMPATH\Boot.php(417): CodeIgniter\CodeIgniter->run()
12 SYSTEMPATH\Boot.php(68): CodeIgniter\Boot::runCodeIgniter(Object(CodeIgniter\CodeIgniter))
13 FCPATH\index.php(59): CodeIgniter\Boot::bootWeb(Object(Config\Paths))
14 SYSTEMPATH\rewrite.php(44): require_once('C:\\xampp\\htdocs\\operasional\\public\\index.php')
CRITICAL - 2026-08-23 16:31:49 --> CodeIgniter\HTTP\Exceptions\HTTPException: Request URI segment is out of range: "2"
[Method: GET, Route: /]
in SYSTEMPATH\HTTP\URI.php on line 575.
 1 SYSTEMPATH\HTTP\URI.php(575): CodeIgniter\HTTP\Exceptions\HTTPException::forURISegmentOutOfRange(2)
 2 APPPATH\Views\layouts\main.php(5): CodeIgniter\HTTP\URI->getSegment(2)
 3 SYSTEMPATH\View\View.php(240): include('C:\\xampp\\htdocs\\operasional\\app\\Views\\layouts\\main.php')
 4 SYSTEMPATH\View\View.php(243): CodeIgniter\View\View->CodeIgniter\View\{closure}()
 5 SYSTEMPATH\View\View.php(256): CodeIgniter\View\View->render('layouts/main', [], true)
 6 SYSTEMPATH\Common.php(1268): CodeIgniter\View\View->render('dashboard/index', [], true)
 7 APPPATH\Controllers\Dashboard.php(53): view('dashboard/index', [...])
 8 SYSTEMPATH\CodeIgniter.php(974): App\Controllers\Dashboard->index()
 9 SYSTEMPATH\CodeIgniter.php(520): CodeIgniter\CodeIgniter->runController(Object(App\Controllers\Dashboard))
10 SYSTEMPATH\CodeIgniter.php(363): CodeIgniter\CodeIgniter->handleRequest(null, Object(Config\Cache), false)
11 SYSTEMPATH\Boot.php(417): CodeIgniter\CodeIgniter->run()
12 SYSTEMPATH\Boot.php(68): CodeIgniter\Boot::runCodeIgniter(Object(CodeIgniter\CodeIgniter))
13 FCPATH\index.php(59): CodeIgniter\Boot::bootWeb(Object(Config\Paths))
14 SYSTEMPATH\rewrite.php(44): require_once('C:\\xampp\\htdocs\\operasional\\public\\index.php')
CRITICAL - 2026-08-23 16:31:50 --> CodeIgniter\HTTP\Exceptions\HTTPException: Request URI segment is out of range: "2"
[Method: GET, Route: /]
in SYSTEMPATH\HTTP\URI.php on line 575.
 1 SYSTEMPATH\HTTP\URI.php(575): CodeIgniter\HTTP\Exceptions\HTTPException::forURISegmentOutOfRange(2)
 2 APPPATH\Views\layouts\main.php(5): CodeIgniter\HTTP\URI->getSegment(2)
 3 SYSTEMPATH\View\View.php(240): include('C:\\xampp\\htdocs\\operasional\\app\\Views\\layouts\\main.php')
 4 SYSTEMPATH\View\View.php(243): CodeIgniter\View\View->CodeIgniter\View\{closure}()
 5 SYSTEMPATH\View\View.php(256): CodeIgniter\View\View->render('layouts/main', [], true)
 6 SYSTEMPATH\Common.php(1268): CodeIgniter\View\View->render('dashboard/index', [], true)
 7 APPPATH\Controllers\Dashboard.php(53): view('dashboard/index', [...])
 8 SYSTEMPATH\CodeIgniter.php(974): App\Controllers\Dashboard->index()
 9 SYSTEMPATH\CodeIgniter.php(520): CodeIgniter\CodeIgniter->runController(Object(App\Controllers\Dashboard))
10 SYSTEMPATH\CodeIgniter.php(363): CodeIgniter\CodeIgniter->handleRequest(null, Object(Config\Cache), false)
11 SYSTEMPATH\Boot.php(417): CodeIgniter\CodeIgniter->run()
12 SYSTEMPATH\Boot.php(68): CodeIgniter\Boot::runCodeIgniter(Object(CodeIgniter\CodeIgniter))
13 FCPATH\index.php(59): CodeIgniter\Boot::bootWeb(Object(Config\Paths))
14 SYSTEMPATH\rewrite.php(44): require_once('C:\\xampp\\htdocs\\operasional\\public\\index.php')
CRITICAL - 2026-08-23 16:31:59 --> CodeIgniter\HTTP\Exceptions\HTTPException: Request URI segment is out of range: "2"
[Method: GET, Route: /]
in SYSTEMPATH\HTTP\URI.php on line 575.
 1 SYSTEMPATH\HTTP\URI.php(575): CodeIgniter\HTTP\Exceptions\HTTPException::forURISegmentOutOfRange(2)
 2 APPPATH\Views\layouts\main.php(5): CodeIgniter\HTTP\URI->getSegment(2)
 3 SYSTEMPATH\View\View.php(240): include('C:\\xampp\\htdocs\\operasional\\app\\Views\\layouts\\main.php')
 4 SYSTEMPATH\View\View.php(243): CodeIgniter\View\View->CodeIgniter\View\{closure}()
 5 SYSTEMPATH\View\View.php(256): CodeIgniter\View\View->render('layouts/main', [], true)
 6 SYSTEMPATH\Common.php(1268): CodeIgniter\View\View->render('dashboard/index', [], true)
 7 APPPATH\Controllers\Dashboard.php(53): view('dashboard/index', [...])
 8 SYSTEMPATH\CodeIgniter.php(974): App\Controllers\Dashboard->index()
 9 SYSTEMPATH\CodeIgniter.php(520): CodeIgniter\CodeIgniter->runController(Object(App\Controllers\Dashboard))
10 SYSTEMPATH\CodeIgniter.php(363): CodeIgniter\CodeIgniter->handleRequest(null, Object(Config\Cache), false)
11 SYSTEMPATH\Boot.php(417): CodeIgniter\CodeIgniter->run()
12 SYSTEMPATH\Boot.php(68): CodeIgniter\Boot::runCodeIgniter(Object(CodeIgniter\CodeIgniter))
13 FCPATH\index.php(59): CodeIgniter\Boot::bootWeb(Object(Config\Paths))
14 SYSTEMPATH\rewrite.php(44): require_once('C:\\xampp\\htdocs\\operasional\\public\\index.php')
DEBUG - 2026-08-23 16:32:47 --> Session: Class initialized using 'CodeIgniter\Session\Handlers\FileHandler' driver.
DEBUG - 2026-08-23 16:33:18 --> Session: Class initialized using 'CodeIgniter\Session\Handlers\FileHandler' driver.
DEBUG - 2026-08-23 16:33:18 --> Session: Class initialized using 'CodeIgniter\Session\Handlers\FileHandler' driver.
DEBUG - 2026-08-23 16:33:18 --> Session: Class initialized using 'CodeIgniter\Session\Handlers\FileHandler' driver.
DEBUG - 2026-08-23 16:33:18 --> Session: Class initialized using 'CodeIgniter\Session\Handlers\FileHandler' driver.
DEBUG - 2026-08-23 16:33:19 --> Session: Class initialized using 'CodeIgniter\Session\Handlers\FileHandler' driver.
DEBUG - 2026-08-23 16:33:19 --> Session: Class initialized using 'CodeIgniter\Session\Handlers\FileHandler' driver.
DEBUG - 2026-08-23 16:33:30 --> Session: Class initialized using 'CodeIgniter\Session\Handlers\FileHandler' driver.
DEBUG - 2026-08-23 16:33:38 --> Session: Class initialized using 'CodeIgniter\Session\Handlers\FileHandler' driver.
DEBUG - 2026-08-23 16:33:55 --> Session: Class initialized using 'CodeIgniter\Session\Handlers\FileHandler' driver.
DEBUG - 2026-08-23 16:37:36 --> Session: Class initialized using 'CodeIgniter\Session\Handlers\FileHandler' driver.
DEBUG - 2026-08-23 16:43:39 --> Session: Class initialized using 'CodeIgniter\Session\Handlers\FileHandler' driver.
DEBUG - 2026-08-23 16:45:35 --> Session: Class initialized using 'CodeIgniter\Session\Handlers\FileHandler' driver.
DEBUG - 2026-08-23 16:45:37 --> Session: Class initialized using 'CodeIgniter\Session\Handlers\FileHandler' driver.
DEBUG - 2026-08-23 16:45:38 --> Session: Class initialized using 'CodeIgniter\Session\Handlers\FileHandler' driver.
DEBUG - 2026-08-23 16:45:38 --> Session: Class initialized using 'CodeIgniter\Session\Handlers\FileHandler' driver.
DEBUG - 2026-08-23 16:50:32 --> Session: Class initialized using 'CodeIgniter\Session\Handlers\FileHandler' driver.
DEBUG - 2026-08-23 16:57:32 --> Session: Class initialized using 'CodeIgniter\Session\Handlers\FileHandler' driver.
DEBUG - 2026-08-23 16:58:24 --> Session: Class initialized using 'CodeIgniter\Session\Handlers\FileHandler' driver.
INFO - 2026-08-23 16:58:24 --> CSRF token verified.
DEBUG - 2026-08-23 16:58:24 --> Session: Class initialized using 'CodeIgniter\Session\Handlers\FileHandler' driver.
DEBUG - 2026-08-23 16:58:25 --> Session: Class initialized using 'CodeIgniter\Session\Handlers\FileHandler' driver.
INFO - 2026-08-23 16:58:25 --> CSRF token verified.
DEBUG - 2026-08-23 16:58:25 --> Session: Class initialized using 'CodeIgniter\Session\Handlers\FileHandler' driver.
DEBUG - 2026-08-23 16:58:25 --> Session: Class initialized using 'CodeIgniter\Session\Handlers\FileHandler' driver.
INFO - 2026-08-23 16:58:25 --> CSRF token verified.
DEBUG - 2026-08-23 16:58:25 --> Session: Class initialized using 'CodeIgniter\Session\Handlers\FileHandler' driver.
DEBUG - 2026-08-23 16:58:26 --> Session: Class initialized using 'CodeIgniter\Session\Handlers\FileHandler' driver.
INFO - 2026-08-23 16:58:26 --> CSRF token verified.
DEBUG - 2026-08-23 16:58:26 --> Session: Class initialized using 'CodeIgniter\Session\Handlers\FileHandler' driver.
DEBUG - 2026-08-23 16:58:44 --> Session: Class initialized using 'CodeIgniter\Session\Handlers\FileHandler' driver.
DEBUG - 2026-08-23 16:58:44 --> Session: Class initialized using 'CodeIgniter\Session\Handlers\FileHandler' driver.
DEBUG - 2026-08-23 16:58:44 --> Session: Class initialized using 'CodeIgniter\Session\Handlers\FileHandler' driver.
DEBUG - 2026-08-23 16:59:38 --> Session: Class initialized using 'CodeIgniter\Session\Handlers\FileHandler' driver.
DEBUG - 2026-08-23 16:59:41 --> Session: Class initialized using 'CodeIgniter\Session\Handlers\FileHandler' driver.
INFO - 2026-08-23 17:01:47 --> CSRF token verified.
DEBUG - 2026-08-23 17:01:47 --> Session: Class initialized using 'CodeIgniter\Session\Handlers\FileHandler' driver.
DEBUG - 2026-08-23 17:01:48 --> Session: Class initialized using 'CodeIgniter\Session\Handlers\FileHandler' driver.
DEBUG - 2026-08-23 17:15:25 --> Session: Class initialized using 'CodeIgniter\Session\Handlers\FileHandler' driver.
DEBUG - 2026-08-23 17:15:34 --> Session: Class initialized using 'CodeIgniter\Session\Handlers\FileHandler' driver.
DEBUG - 2026-08-23 17:16:07 --> Session: Class initialized using 'CodeIgniter\Session\Handlers\FileHandler' driver.
INFO - 2026-08-23 17:16:07 --> CSRF token verified.
DEBUG - 2026-08-23 17:16:07 --> Session: Class initialized using 'CodeIgniter\Session\Handlers\FileHandler' driver.
DEBUG - 2026-08-23 17:16:07 --> Session: Class initialized using 'CodeIgniter\Session\Handlers\FileHandler' driver.
INFO - 2026-08-23 17:16:07 --> CSRF token verified.
DEBUG - 2026-08-23 17:16:07 --> Session: Class initialized using 'CodeIgniter\Session\Handlers\FileHandler' driver.
DEBUG - 2026-08-23 17:16:08 --> Session: Class initialized using 'CodeIgniter\Session\Handlers\FileHandler' driver.
DEBUG - 2026-08-23 17:16:08 --> Session: Class initialized using 'CodeIgniter\Session\Handlers\FileHandler' driver.
INFO - 2026-08-23 17:16:08 --> CSRF token verified.
DEBUG - 2026-08-23 17:16:08 --> Session: Class initialized using 'CodeIgniter\Session\Handlers\FileHandler' driver.
DEBUG - 2026-08-23 17:16:21 --> Session: Class initialized using 'CodeIgniter\Session\Handlers\FileHandler' driver.
DEBUG - 2026-08-23 17:16:22 --> Session: Class initialized using 'CodeIgniter\Session\Handlers\FileHandler' driver.
DEBUG - 2026-08-23 17:20:55 --> Session: Class initialized using 'CodeIgniter\Session\Handlers\FileHandler' driver.
DEBUG - 2026-08-23 17:21:26 --> Session: Class initialized using 'CodeIgniter\Session\Handlers\FileHandler' driver.
INFO - 2026-08-23 17:21:27 --> CSRF token verified.
DEBUG - 2026-08-23 17:21:27 --> Session: Class initialized using 'CodeIgniter\Session\Handlers\FileHandler' driver.
DEBUG - 2026-08-23 17:21:27 --> Session: Class initialized using 'CodeIgniter\Session\Handlers\FileHandler' driver.
INFO - 2026-08-23 17:21:27 --> CSRF token verified.
DEBUG - 2026-08-23 17:21:27 --> Session: Class initialized using 'CodeIgniter\Session\Handlers\FileHandler' driver.
DEBUG - 2026-08-23 17:21:27 --> Session: Class initialized using 'CodeIgniter\Session\Handlers\FileHandler' driver.
INFO - 2026-08-23 17:21:28 --> CSRF token verified.
DEBUG - 2026-08-23 17:21:28 --> Session: Class initialized using 'CodeIgniter\Session\Handlers\FileHandler' driver.
DEBUG - 2026-08-23 17:21:28 --> Session: Class initialized using 'CodeIgniter\Session\Handlers\FileHandler' driver.
INFO - 2026-08-23 17:21:28 --> CSRF token verified.
DEBUG - 2026-08-23 17:21:28 --> Session: Class initialized using 'CodeIgniter\Session\Handlers\FileHandler' driver.
DEBUG - 2026-08-23 17:32:18 --> Session: Class initialized using 'CodeIgniter\Session\Handlers\FileHandler' driver.
DEBUG - 2026-08-23 17:35:13 --> Session: Class initialized using 'CodeIgniter\Session\Handlers\FileHandler' driver.
DEBUG - 2026-08-23 17:35:46 --> Session: Class initialized using 'CodeIgniter\Session\Handlers\FileHandler' driver.
DEBUG - 2026-08-23 17:37:00 --> Session: Class initialized using 'CodeIgniter\Session\Handlers\FileHandler' driver.
DEBUG - 2026-08-23 17:40:52 --> Session: Class initialized using 'CodeIgniter\Session\Handlers\FileHandler' driver.
INFO - 2026-08-23 17:40:52 --> CSRF token verified.
DEBUG - 2026-08-23 17:40:52 --> Session: Class initialized using 'CodeIgniter\Session\Handlers\FileHandler' driver.
DEBUG - 2026-08-23 17:40:52 --> Session: Class initialized using 'CodeIgniter\Session\Handlers\FileHandler' driver.
INFO - 2026-08-23 17:40:52 --> CSRF token verified.
DEBUG - 2026-08-23 17:40:52 --> Session: Class initialized using 'CodeIgniter\Session\Handlers\FileHandler' driver.
DEBUG - 2026-08-23 17:40:53 --> Session: Class initialized using 'CodeIgniter\Session\Handlers\FileHandler' driver.
INFO - 2026-08-23 17:40:53 --> CSRF token verified.
DEBUG - 2026-08-23 17:40:53 --> Session: Class initialized using 'CodeIgniter\Session\Handlers\FileHandler' driver.
DEBUG - 2026-08-23 17:43:20 --> Session: Class initialized using 'CodeIgniter\Session\Handlers\FileHandler' driver.
INFO - 2026-08-23 17:43:21 --> CSRF token verified.
DEBUG - 2026-08-23 17:43:21 --> Session: Class initialized using 'CodeIgniter\Session\Handlers\FileHandler' driver.
DEBUG - 2026-08-23 17:43:21 --> Session: Class initialized using 'CodeIgniter\Session\Handlers\FileHandler' driver.
INFO - 2026-08-23 17:43:21 --> CSRF token verified.
DEBUG - 2026-08-23 17:43:21 --> Session: Class initialized using 'CodeIgniter\Session\Handlers\FileHandler' driver.
DEBUG - 2026-08-23 17:43:21 --> Session: Class initialized using 'CodeIgniter\Session\Handlers\FileHandler' driver.
INFO - 2026-08-23 17:43:21 --> CSRF token verified.
DEBUG - 2026-08-23 17:43:21 --> Session: Class initialized using 'CodeIgniter\Session\Handlers\FileHandler' driver.
DEBUG - 2026-08-23 17:45:03 --> Session: Class initialized using 'CodeIgniter\Session\Handlers\FileHandler' driver.
INFO - 2026-08-23 17:45:42 --> CSRF token verified.
DEBUG - 2026-08-23 17:45:42 --> Session: Class initialized using 'CodeIgniter\Session\Handlers\FileHandler' driver.
DEBUG - 2026-08-23 17:45:43 --> Session: Class initialized using 'CodeIgniter\Session\Handlers\FileHandler' driver.
INFO - 2026-08-23 17:47:56 --> CSRF token verified.
DEBUG - 2026-08-23 17:47:56 --> Session: Class initialized using 'CodeIgniter\Session\Handlers\FileHandler' driver.
DEBUG - 2026-08-23 17:47:57 --> Session: Class initialized using 'CodeIgniter\Session\Handlers\FileHandler' driver.
DEBUG - 2026-08-23 17:48:11 --> Session: Class initialized using 'CodeIgniter\Session\Handlers\FileHandler' driver.
INFO - 2026-08-23 17:49:31 --> CSRF token verified.
DEBUG - 2026-08-23 17:49:31 --> Session: Class initialized using 'CodeIgniter\Session\Handlers\FileHandler' driver.
DEBUG - 2026-08-23 17:49:32 --> Session: Class initialized using 'CodeIgniter\Session\Handlers\FileHandler' driver.
DEBUG - 2026-08-23 17:50:59 --> Session: Class initialized using 'CodeIgniter\Session\Handlers\FileHandler' driver.
DEBUG - 2026-08-23 18:02:25 --> Session: Class initialized using 'CodeIgniter\Session\Handlers\FileHandler' driver.
DEBUG - 2026-08-23 18:03:04 --> Session: Class initialized using 'CodeIgniter\Session\Handlers\FileHandler' driver.
INFO - 2026-08-23 18:03:04 --> CSRF token verified.
DEBUG - 2026-08-23 18:03:04 --> Session: Class initialized using 'CodeIgniter\Session\Handlers\FileHandler' driver.
DEBUG - 2026-08-23 18:03:05 --> Session: Class initialized using 'CodeIgniter\Session\Handlers\FileHandler' driver.
DEBUG - 2026-08-23 18:03:05 --> Session: Class initialized using 'CodeIgniter\Session\Handlers\FileHandler' driver.
INFO - 2026-08-23 18:03:06 --> CSRF token verified.
DEBUG - 2026-08-23 18:03:06 --> Session: Class initialized using 'CodeIgniter\Session\Handlers\FileHandler' driver.
INFO - 2026-08-23 18:03:07 --> CSRF token verified.
DEBUG - 2026-08-23 18:03:07 --> Session: Class initialized using 'CodeIgniter\Session\Handlers\FileHandler' driver.
DEBUG - 2026-08-23 18:03:07 --> Session: Class initialized using 'CodeIgniter\Session\Handlers\FileHandler' driver.
INFO - 2026-08-23 18:03:07 --> CSRF token verified.
DEBUG - 2026-08-23 18:03:07 --> Session: Class initialized using 'CodeIgniter\Session\Handlers\FileHandler' driver.
DEBUG - 2026-08-23 18:08:50 --> Session: Class initialized using 'CodeIgniter\Session\Handlers\FileHandler' driver.
DEBUG - 2026-08-23 18:08:55 --> Session: Class initialized using 'CodeIgniter\Session\Handlers\FileHandler' driver.
DEBUG - 2026-08-23 18:09:34 --> Session: Class initialized using 'CodeIgniter\Session\Handlers\FileHandler' driver.
DEBUG - 2026-08-23 18:09:36 --> Session: Class initialized using 'CodeIgniter\Session\Handlers\FileHandler' driver.
DEBUG - 2026-08-23 18:11:33 --> Session: Class initialized using 'CodeIgniter\Session\Handlers\FileHandler' driver.
DEBUG - 2026-08-23 18:17:02 --> Session: Class initialized using 'CodeIgniter\Session\Handlers\FileHandler' driver.
DEBUG - 2026-08-23 18:17:02 --> Session: Class initialized using 'CodeIgniter\Session\Handlers\FileHandler' driver.
DEBUG - 2026-08-23 18:21:09 --> Session: Class initialized using 'CodeIgniter\Session\Handlers\FileHandler' driver.
DEBUG - 2026-08-23 18:21:13 --> Session: Class initialized using 'CodeIgniter\Session\Handlers\FileHandler' driver.
DEBUG - 2026-08-23 18:21:21 --> Session: Class initialized using 'CodeIgniter\Session\Handlers\FileHandler' driver.
DEBUG - 2026-08-23 18:21:34 --> Session: Class initialized using 'CodeIgniter\Session\Handlers\FileHandler' driver.
DEBUG - 2026-08-23 18:21:39 --> Session: Class initialized using 'CodeIgniter\Session\Handlers\FileHandler' driver.
DEBUG - 2026-08-23 18:21:47 --> Session: Class initialized using 'CodeIgniter\Session\Handlers\FileHandler' driver.
DEBUG - 2026-08-23 18:26:56 --> Session: Class initialized using 'CodeIgniter\Session\Handlers\FileHandler' driver.
DEBUG - 2026-08-23 18:27:22 --> Session: Class initialized using 'CodeIgniter\Session\Handlers\FileHandler' driver.
CRITICAL - 2026-08-23 18:27:23 --> CodeIgniter\Security\Exceptions\SecurityException: The action you requested is not allowed.
[Method: POST, Route: dokumen-masuk/46/hapus]
in SYSTEMPATH\Security\Security.php on line 258.
 1 SYSTEMPATH\Security\Security.php(258): CodeIgniter\Security\Exceptions\SecurityException::forDisallowedAction()
 2 SYSTEMPATH\Filters\CSRF.php(52): CodeIgniter\Security\Security->verify(Object(CodeIgniter\HTTP\IncomingRequest))
 3 SYSTEMPATH\Filters\Filters.php(241): CodeIgniter\Filters\CSRF->before(Object(CodeIgniter\HTTP\IncomingRequest), null)
 4 SYSTEMPATH\Filters\Filters.php(221): CodeIgniter\Filters\Filters->runBefore([...])
 5 SYSTEMPATH\CodeIgniter.php(488): CodeIgniter\Filters\Filters->run('dokumen-masuk/46/hapus', 'before')
 6 SYSTEMPATH\CodeIgniter.php(363): CodeIgniter\CodeIgniter->handleRequest(null, Object(Config\Cache), false)
 7 SYSTEMPATH\Boot.php(417): CodeIgniter\CodeIgniter->run()
 8 SYSTEMPATH\Boot.php(68): CodeIgniter\Boot::runCodeIgniter(Object(CodeIgniter\CodeIgniter))
 9 FCPATH\index.php(59): CodeIgniter\Boot::bootWeb(Object(Config\Paths))
10 SYSTEMPATH\rewrite.php(44): require_once('C:\\xampp\\htdocs\\operasional\\public\\index.php')
DEBUG - 2026-08-23 18:27:48 --> Session: Class initialized using 'CodeIgniter\Session\Handlers\FileHandler' driver.
CRITICAL - 2026-08-23 18:27:48 --> CodeIgniter\Security\Exceptions\SecurityException: The action you requested is not allowed.
[Method: POST, Route: dokumen-masuk/46/hapus]
in SYSTEMPATH\Security\Security.php on line 258.
 1 SYSTEMPATH\Security\Security.php(258): CodeIgniter\Security\Exceptions\SecurityException::forDisallowedAction()
 2 SYSTEMPATH\Filters\CSRF.php(52): CodeIgniter\Security\Security->verify(Object(CodeIgniter\HTTP\IncomingRequest))
 3 SYSTEMPATH\Filters\Filters.php(241): CodeIgniter\Filters\CSRF->before(Object(CodeIgniter\HTTP\IncomingRequest), null)
 4 SYSTEMPATH\Filters\Filters.php(221): CodeIgniter\Filters\Filters->runBefore([...])
 5 SYSTEMPATH\CodeIgniter.php(488): CodeIgniter\Filters\Filters->run('dokumen-masuk/46/hapus', 'before')
 6 SYSTEMPATH\CodeIgniter.php(363): CodeIgniter\CodeIgniter->handleRequest(null, Object(Config\Cache), false)
 7 SYSTEMPATH\Boot.php(417): CodeIgniter\CodeIgniter->run()
 8 SYSTEMPATH\Boot.php(68): CodeIgniter\Boot::runCodeIgniter(Object(CodeIgniter\CodeIgniter))
 9 FCPATH\index.php(59): CodeIgniter\Boot::bootWeb(Object(Config\Paths))
10 SYSTEMPATH\rewrite.php(44): require_once('C:\\xampp\\htdocs\\operasional\\public\\index.php')
DEBUG - 2026-08-23 18:28:01 --> Session: Class initialized using 'CodeIgniter\Session\Handlers\FileHandler' driver.
DEBUG - 2026-08-23 18:28:22 --> Session: Class initialized using 'CodeIgniter\Session\Handlers\FileHandler' driver.
DEBUG - 2026-08-23 18:28:40 --> Session: Class initialized using 'CodeIgniter\Session\Handlers\FileHandler' driver.
INFO - 2026-08-23 18:28:41 --> CSRF token verified.
DEBUG - 2026-08-23 18:28:59 --> Session: Class initialized using 'CodeIgniter\Session\Handlers\FileHandler' driver.
INFO - 2026-08-23 18:29:00 --> CSRF token verified.
DEBUG - 2026-08-23 20:58:30 --> Session: Class initialized using 'CodeIgniter\Session\Handlers\FileHandler' driver.
DEBUG - 2026-08-23 20:58:35 --> Session: Class initialized using 'CodeIgniter\Session\Handlers\FileHandler' driver.
DEBUG - 2026-08-23 20:58:38 --> Session: Class initialized using 'CodeIgniter\Session\Handlers\FileHandler' driver.
DEBUG - 2026-08-23 20:58:41 --> Session: Class initialized using 'CodeIgniter\Session\Handlers\FileHandler' driver.
DEBUG - 2026-08-23 20:59:02 --> Session: Class initialized using 'CodeIgniter\Session\Handlers\FileHandler' driver.
DEBUG - 2026-08-23 20:59:05 --> Session: Class initialized using 'CodeIgniter\Session\Handlers\FileHandler' driver.
DEBUG - 2026-08-23 21:07:57 --> Session: Class initialized using 'CodeIgniter\Session\Handlers\FileHandler' driver.
INFO - 2026-08-23 21:09:42 --> CSRF token verified.
DEBUG - 2026-08-23 21:09:42 --> Session: Class initialized using 'CodeIgniter\Session\Handlers\FileHandler' driver.
DEBUG - 2026-08-23 21:09:43 --> Session: Class initialized using 'CodeIgniter\Session\Handlers\FileHandler' driver.
DEBUG - 2026-08-23 21:10:45 --> Session: Class initialized using 'CodeIgniter\Session\Handlers\FileHandler' driver.
DEBUG - 2026-08-23 21:10:52 --> Session: Class initialized using 'CodeIgniter\Session\Handlers\FileHandler' driver.
DEBUG - 2026-08-23 21:11:10 --> Session: Class initialized using 'CodeIgniter\Session\Handlers\FileHandler' driver.
INFO - 2026-08-23 21:11:11 --> CSRF token verified.
INFO - 2026-08-23 21:12:31 --> CSRF token verified.
DEBUG - 2026-08-23 21:12:31 --> Session: Class initialized using 'CodeIgniter\Session\Handlers\FileHandler' driver.
DEBUG - 2026-08-23 21:12:32 --> Session: Class initialized using 'CodeIgniter\Session\Handlers\FileHandler' driver.
DEBUG - 2026-08-23 21:12:44 --> Session: Class initialized using 'CodeIgniter\Session\Handlers\FileHandler' driver.
INFO - 2026-08-23 21:13:16 --> CSRF token verified.
INFO - 2026-08-23 21:13:20 --> CSRF token verified.
INFO - 2026-08-23 21:13:21 --> CSRF token verified.
INFO - 2026-08-23 21:13:22 --> CSRF token verified.
DEBUG - 2026-08-23 21:13:26 --> Session: Class initialized using 'CodeIgniter\Session\Handlers\FileHandler' driver.
INFO - 2026-08-23 21:14:53 --> CSRF token verified.
DEBUG - 2026-08-23 21:14:54 --> Session: Class initialized using 'CodeIgniter\Session\Handlers\FileHandler' driver.
INFO - 2026-08-23 21:15:04 --> CSRF token verified.
DEBUG - 2026-08-23 21:15:04 --> Session: Class initialized using 'CodeIgniter\Session\Handlers\FileHandler' driver.
DEBUG - 2026-08-23 21:15:05 --> Session: Class initialized using 'CodeIgniter\Session\Handlers\FileHandler' driver.
INFO - 2026-08-23 21:15:09 --> CSRF token verified.
DEBUG - 2026-08-23 21:15:09 --> Session: Class initialized using 'CodeIgniter\Session\Handlers\FileHandler' driver.
DEBUG - 2026-08-23 21:15:10 --> Session: Class initialized using 'CodeIgniter\Session\Handlers\FileHandler' driver.
INFO - 2026-08-23 21:15:15 --> CSRF token verified.
DEBUG - 2026-08-23 21:15:16 --> Session: Class initialized using 'CodeIgniter\Session\Handlers\FileHandler' driver.
DEBUG - 2026-08-23 21:15:16 --> Session: Class initialized using 'CodeIgniter\Session\Handlers\FileHandler' driver.
INFO - 2026-08-23 21:15:20 --> CSRF token verified.
DEBUG - 2026-08-23 21:15:20 --> Session: Class initialized using 'CodeIgniter\Session\Handlers\FileHandler' driver.
DEBUG - 2026-08-23 21:15:20 --> Session: Class initialized using 'CodeIgniter\Session\Handlers\FileHandler' driver.
DEBUG - 2026-08-23 21:15:30 --> Session: Class initialized using 'CodeIgniter\Session\Handlers\FileHandler' driver.
DEBUG - 2026-08-23 21:20:04 --> Session: Class initialized using 'CodeIgniter\Session\Handlers\FileHandler' driver.
DEBUG - 2026-08-23 21:20:30 --> Session: Class initialized using 'CodeIgniter\Session\Handlers\FileHandler' driver.
DEBUG - 2026-08-23 21:21:19 --> Session: Class initialized using 'CodeIgniter\Session\Handlers\FileHandler' driver.
DEBUG - 2026-08-23 21:21:56 --> Session: Class initialized using 'CodeIgniter\Session\Handlers\FileHandler' driver.
DEBUG - 2026-08-23 21:22:15 --> Session: Class initialized using 'CodeIgniter\Session\Handlers\FileHandler' driver.
DEBUG - 2026-08-23 21:23:07 --> Session: Class initialized using 'CodeIgniter\Session\Handlers\FileHandler' driver.
DEBUG - 2026-08-23 21:23:33 --> Session: Class initialized using 'CodeIgniter\Session\Handlers\FileHandler' driver.
DEBUG - 2026-08-23 21:23:57 --> Session: Class initialized using 'CodeIgniter\Session\Handlers\FileHandler' driver.
DEBUG - 2026-08-23 21:29:42 --> Session: Class initialized using 'CodeIgniter\Session\Handlers\FileHandler' driver.
DEBUG - 2026-08-23 21:29:42 --> Session: Class initialized using 'CodeIgniter\Session\Handlers\FileHandler' driver.
INFO - 2026-08-23 21:29:43 --> CSRF token verified.
DEBUG - 2026-08-23 21:31:32 --> Session: Class initialized using 'CodeIgniter\Session\Handlers\FileHandler' driver.
DEBUG - 2026-08-23 21:41:45 --> Session: Class initialized using 'CodeIgniter\Session\Handlers\FileHandler' driver.
DEBUG - 2026-08-23 21:42:15 --> Session: Class initialized using 'CodeIgniter\Session\Handlers\FileHandler' driver.
INFO - 2026-08-23 21:42:15 --> CSRF token verified.
DEBUG - 2026-08-23 21:42:51 --> Session: Class initialized using 'CodeIgniter\Session\Handlers\FileHandler' driver.
INFO - 2026-08-23 21:45:00 --> CSRF token verified.
DEBUG - 2026-08-23 21:45:00 --> Session: Class initialized using 'CodeIgniter\Session\Handlers\FileHandler' driver.
DEBUG - 2026-08-23 21:45:01 --> Session: Class initialized using 'CodeIgniter\Session\Handlers\FileHandler' driver.
DEBUG - 2026-08-23 21:45:07 --> Session: Class initialized using 'CodeIgniter\Session\Handlers\FileHandler' driver.
DEBUG - 2026-08-23 21:45:11 --> Session: Class initialized using 'CodeIgniter\Session\Handlers\FileHandler' driver.
DEBUG - 2026-08-23 21:48:51 --> Session: Class initialized using 'CodeIgniter\Session\Handlers\FileHandler' driver.
DEBUG - 2026-08-23 21:49:03 --> Session: Class initialized using 'CodeIgniter\Session\Handlers\FileHandler' driver.
DEBUG - 2026-08-23 21:49:33 --> Session: Class initialized using 'CodeIgniter\Session\Handlers\FileHandler' driver.
DEBUG - 2026-08-23 21:49:36 --> Session: Class initialized using 'CodeIgniter\Session\Handlers\FileHandler' driver.
DEBUG - 2026-08-23 22:00:49 --> Session: Class initialized using 'CodeIgniter\Session\Handlers\FileHandler' driver.
DEBUG - 2026-08-23 22:02:14 --> Session: Class initialized using 'CodeIgniter\Session\Handlers\FileHandler' driver.
DEBUG - 2026-08-23 22:02:30 --> Session: Class initialized using 'CodeIgniter\Session\Handlers\FileHandler' driver.
DEBUG - 2026-08-23 22:02:32 --> Session: Class initialized using 'CodeIgniter\Session\Handlers\FileHandler' driver.
DEBUG - 2026-08-23 22:02:37 --> Session: Class initialized using 'CodeIgniter\Session\Handlers\FileHandler' driver.
DEBUG - 2026-08-23 22:03:01 --> Session: Class initialized using 'CodeIgniter\Session\Handlers\FileHandler' driver.
DEBUG - 2026-08-23 22:03:07 --> Session: Class initialized using 'CodeIgniter\Session\Handlers\FileHandler' driver.
DEBUG - 2026-08-23 22:03:11 --> Session: Class initialized using 'CodeIgniter\Session\Handlers\FileHandler' driver.
DEBUG - 2026-08-23 22:05:01 --> Session: Class initialized using 'CodeIgniter\Session\Handlers\FileHandler' driver.
DEBUG - 2026-08-23 22:05:01 --> Session: Class initialized using 'CodeIgniter\Session\Handlers\FileHandler' driver.
DEBUG - 2026-08-23 22:05:11 --> Session: Class initialized using 'CodeIgniter\Session\Handlers\FileHandler' driver.
DEBUG - 2026-08-23 22:06:12 --> Session: Class initialized using 'CodeIgniter\Session\Handlers\FileHandler' driver.
DEBUG - 2026-08-23 22:06:20 --> Session: Class initialized using 'CodeIgniter\Session\Handlers\FileHandler' driver.
DEBUG - 2026-08-23 22:08:24 --> Session: Class initialized using 'CodeIgniter\Session\Handlers\FileHandler' driver.
INFO - 2026-08-23 22:08:25 --> CSRF token verified.
DEBUG - 2026-08-23 22:08:29 --> Session: Class initialized using 'CodeIgniter\Session\Handlers\FileHandler' driver.
DEBUG - 2026-08-23 22:08:55 --> Session: Class initialized using 'CodeIgniter\Session\Handlers\FileHandler' driver.
DEBUG - 2026-08-23 22:09:17 --> Session: Class initialized using 'CodeIgniter\Session\Handlers\FileHandler' driver.
DEBUG - 2026-08-23 22:09:20 --> Session: Class initialized using 'CodeIgniter\Session\Handlers\FileHandler' driver.
INFO - 2026-08-23 22:09:35 --> CSRF token verified.
DEBUG - 2026-08-23 22:09:35 --> Session: Class initialized using 'CodeIgniter\Session\Handlers\FileHandler' driver.
DEBUG - 2026-08-23 22:09:36 --> Session: Class initialized using 'CodeIgniter\Session\Handlers\FileHandler' driver.
INFO - 2026-08-23 22:10:42 --> CSRF token verified.
DEBUG - 2026-08-23 22:10:42 --> Session: Class initialized using 'CodeIgniter\Session\Handlers\FileHandler' driver.
DEBUG - 2026-08-23 22:10:43 --> Session: Class initialized using 'CodeIgniter\Session\Handlers\FileHandler' driver.
INFO - 2026-08-23 22:15:13 --> CSRF token verified.
DEBUG - 2026-08-23 22:15:23 --> Session: Class initialized using 'CodeIgniter\Session\Handlers\FileHandler' driver.
DEBUG - 2026-08-23 22:15:44 --> Session: Class initialized using 'CodeIgniter\Session\Handlers\FileHandler' driver.
DEBUG - 2026-08-23 22:15:58 --> Session: Class initialized using 'CodeIgniter\Session\Handlers\FileHandler' driver.
INFO - 2026-08-23 22:16:11 --> CSRF token verified.
DEBUG - 2026-08-23 22:16:11 --> Session: Class initialized using 'CodeIgniter\Session\Handlers\FileHandler' driver.
DEBUG - 2026-08-23 22:16:11 --> Session: Class initialized using 'CodeIgniter\Session\Handlers\FileHandler' driver.
INFO - 2026-08-23 22:16:20 --> CSRF token verified.
DEBUG - 2026-08-23 22:16:20 --> Session: Class initialized using 'CodeIgniter\Session\Handlers\FileHandler' driver.
DEBUG - 2026-08-23 22:16:20 --> Session: Class initialized using 'CodeIgniter\Session\Handlers\FileHandler' driver.
DEBUG - 2026-08-23 22:19:13 --> Session: Class initialized using 'CodeIgniter\Session\Handlers\FileHandler' driver.
DEBUG - 2026-08-23 22:19:26 --> Session: Class initialized using 'CodeIgniter\Session\Handlers\FileHandler' driver.
DEBUG - 2026-08-23 22:21:04 --> Session: Class initialized using 'CodeIgniter\Session\Handlers\FileHandler' driver.
DEBUG - 2026-08-23 22:21:19 --> Session: Class initialized using 'CodeIgniter\Session\Handlers\FileHandler' driver.
INFO - 2026-08-23 22:27:55 --> CSRF token verified.
DEBUG - 2026-08-23 22:27:55 --> Session: Class initialized using 'CodeIgniter\Session\Handlers\FileHandler' driver.
DEBUG - 2026-08-23 22:27:56 --> Session: Class initialized using 'CodeIgniter\Session\Handlers\FileHandler' driver.
DEBUG - 2026-08-23 22:31:07 --> Session: Class initialized using 'CodeIgniter\Session\Handlers\FileHandler' driver.
DEBUG - 2026-08-23 22:31:08 --> Session: Class initialized using 'CodeIgniter\Session\Handlers\FileHandler' driver.
DEBUG - 2026-08-23 22:31:08 --> Session: Class initialized using 'CodeIgniter\Session\Handlers\FileHandler' driver.
DEBUG - 2026-08-23 22:31:36 --> Session: Class initialized using 'CodeIgniter\Session\Handlers\FileHandler' driver.
DEBUG - 2026-08-23 22:31:40 --> Session: Class initialized using 'CodeIgniter\Session\Handlers\FileHandler' driver.
DEBUG - 2026-08-23 22:33:18 --> Session: Class initialized using 'CodeIgniter\Session\Handlers\FileHandler' driver.
DEBUG - 2026-08-23 22:33:30 --> Session: Class initialized using 'CodeIgniter\Session\Handlers\FileHandler' driver.
DEBUG - 2026-08-23 22:33:32 --> Session: Class initialized using 'CodeIgniter\Session\Handlers\FileHandler' driver.
DEBUG - 2026-08-23 22:33:57 --> Session: Class initialized using 'CodeIgniter\Session\Handlers\FileHandler' driver.
DEBUG - 2026-08-23 22:35:04 --> Session: Class initialized using 'CodeIgniter\Session\Handlers\FileHandler' driver.
INFO - 2026-08-23 22:35:10 --> CSRF token verified.
DEBUG - 2026-08-23 22:35:10 --> Session: Class initialized using 'CodeIgniter\Session\Handlers\FileHandler' driver.
DEBUG - 2026-08-23 22:35:11 --> Session: Class initialized using 'CodeIgniter\Session\Handlers\FileHandler' driver.
INFO - 2026-08-23 22:35:14 --> CSRF token verified.
DEBUG - 2026-08-23 22:35:14 --> Session: Class initialized using 'CodeIgniter\Session\Handlers\FileHandler' driver.
DEBUG - 2026-08-23 22:35:14 --> Session: Class initialized using 'CodeIgniter\Session\Handlers\FileHandler' driver.
INFO - 2026-08-23 22:35:17 --> CSRF token verified.
DEBUG - 2026-08-23 22:35:17 --> Session: Class initialized using 'CodeIgniter\Session\Handlers\FileHandler' driver.
DEBUG - 2026-08-23 22:35:18 --> Session: Class initialized using 'CodeIgniter\Session\Handlers\FileHandler' driver.
DEBUG - 2026-08-23 22:35:25 --> Session: Class initialized using 'CodeIgniter\Session\Handlers\FileHandler' driver.
DEBUG - 2026-08-23 22:35:49 --> Session: Class initialized using 'CodeIgniter\Session\Handlers\FileHandler' driver.
DEBUG - 2026-08-23 22:35:49 --> Session: Class initialized using 'CodeIgniter\Session\Handlers\FileHandler' driver.
INFO - 2026-08-23 22:35:50 --> CSRF token verified.
DEBUG - 2026-08-23 22:35:50 --> Session: Class initialized using 'CodeIgniter\Session\Handlers\FileHandler' driver.
INFO - 2026-08-23 22:35:50 --> CSRF token verified.
DEBUG - 2026-08-23 22:36:43 --> Session: Class initialized using 'CodeIgniter\Session\Handlers\FileHandler' driver.
DEBUG - 2026-08-23 22:37:35 --> Session: Class initialized using 'CodeIgniter\Session\Handlers\FileHandler' driver.
DEBUG - 2026-08-23 22:38:29 --> Session: Class initialized using 'CodeIgniter\Session\Handlers\FileHandler' driver.
DEBUG - 2026-08-23 22:39:20 --> Session: Class initialized using 'CodeIgniter\Session\Handlers\FileHandler' driver.
DEBUG - 2026-08-23 22:39:24 --> Session: Class initialized using 'CodeIgniter\Session\Handlers\FileHandler' driver.
DEBUG - 2026-08-23 22:39:26 --> Session: Class initialized using 'CodeIgniter\Session\Handlers\FileHandler' driver.
DEBUG - 2026-08-23 22:39:30 --> Session: Class initialized using 'CodeIgniter\Session\Handlers\FileHandler' driver.
DEBUG - 2026-08-23 22:39:37 --> Session: Class initialized using 'CodeIgniter\Session\Handlers\FileHandler' driver.
DEBUG - 2026-08-23 22:41:12 --> Session: Class initialized using 'CodeIgniter\Session\Handlers\FileHandler' driver.
DEBUG - 2026-08-23 22:41:23 --> Session: Class initialized using 'CodeIgniter\Session\Handlers\FileHandler' driver.
DEBUG - 2026-08-23 22:44:35 --> Session: Class initialized using 'CodeIgniter\Session\Handlers\FileHandler' driver.
DEBUG - 2026-08-23 22:45:08 --> Session: Class initialized using 'CodeIgniter\Session\Handlers\FileHandler' driver.
DEBUG - 2026-08-23 22:45:49 --> Session: Class initialized using 'CodeIgniter\Session\Handlers\FileHandler' driver.
DEBUG - 2026-08-23 22:45:57 --> Session: Class initialized using 'CodeIgniter\Session\Handlers\FileHandler' driver.
DEBUG - 2026-08-23 22:51:34 --> Session: Class initialized using 'CodeIgniter\Session\Handlers\FileHandler' driver.
DEBUG - 2026-08-23 22:52:05 --> Session: Class initialized using 'CodeIgniter\Session\Handlers\FileHandler' driver.
INFO - 2026-08-23 22:52:05 --> CSRF token verified.
DEBUG - 2026-08-23 22:52:05 --> Session: Class initialized using 'CodeIgniter\Session\Handlers\FileHandler' driver.
DEBUG - 2026-08-23 22:52:06 --> Session: Class initialized using 'CodeIgniter\Session\Handlers\FileHandler' driver.
INFO - 2026-08-23 22:52:06 --> CSRF token verified.
DEBUG - 2026-08-23 22:52:06 --> Session: Class initialized using 'CodeIgniter\Session\Handlers\FileHandler' driver.
DEBUG - 2026-08-23 22:52:07 --> Session: Class initialized using 'CodeIgniter\Session\Handlers\FileHandler' driver.
INFO - 2026-08-23 22:52:07 --> CSRF token verified.
DEBUG - 2026-08-23 22:52:07 --> Session: Class initialized using 'CodeIgniter\Session\Handlers\FileHandler' driver.
DEBUG - 2026-08-23 22:53:03 --> Session: Class initialized using 'CodeIgniter\Session\Handlers\FileHandler' driver.
INFO - 2026-08-23 22:53:04 --> CSRF token verified.
DEBUG - 2026-08-23 22:53:04 --> Session: Class initialized using 'CodeIgniter\Session\Handlers\FileHandler' driver.
INFO - 2026-08-23 22:53:04 --> CSRF token verified.
DEBUG - 2026-08-23 22:53:26 --> Session: Class initialized using 'CodeIgniter\Session\Handlers\FileHandler' driver.
DEBUG - 2026-08-23 22:55:08 --> Session: Class initialized using 'CodeIgniter\Session\Handlers\FileHandler' driver.
DEBUG - 2026-08-23 22:56:01 --> Session: Class initialized using 'CodeIgniter\Session\Handlers\FileHandler' driver.
DEBUG - 2026-08-23 22:57:05 --> Session: Class initialized using 'CodeIgniter\Session\Handlers\FileHandler' driver.
DEBUG - 2026-08-23 22:57:06 --> Session: Class initialized using 'CodeIgniter\Session\Handlers\FileHandler' driver.
DEBUG - 2026-08-23 22:57:06 --> Session: Class initialized using 'CodeIgniter\Session\Handlers\FileHandler' driver.
INFO - 2026-08-23 22:57:07 --> CSRF token verified.
DEBUG - 2026-08-23 22:57:07 --> Session: Class initialized using 'CodeIgniter\Session\Handlers\FileHandler' driver.
INFO - 2026-08-23 22:57:12 --> CSRF token verified.
DEBUG - 2026-08-23 22:57:12 --> Session: Class initialized using 'CodeIgniter\Session\Handlers\FileHandler' driver.
DEBUG - 2026-08-23 22:57:13 --> Session: Class initialized using 'CodeIgniter\Session\Handlers\FileHandler' driver.
DEBUG - 2026-08-23 22:57:18 --> Session: Class initialized using 'CodeIgniter\Session\Handlers\FileHandler' driver.
DEBUG - 2026-08-23 22:57:32 --> Session: Class initialized using 'CodeIgniter\Session\Handlers\FileHandler' driver.
DEBUG - 2026-08-23 22:57:38 --> Session: Class initialized using 'CodeIgniter\Session\Handlers\FileHandler' driver.
DEBUG - 2026-08-23 22:57:42 --> Session: Class initialized using 'CodeIgniter\Session\Handlers\FileHandler' driver.
INFO - 2026-08-23 22:58:33 --> CSRF token verified.
DEBUG - 2026-08-23 22:58:33 --> Session: Class initialized using 'CodeIgniter\Session\Handlers\FileHandler' driver.
DEBUG - 2026-08-23 22:58:34 --> Session: Class initialized using 'CodeIgniter\Session\Handlers\FileHandler' driver.
DEBUG - 2026-08-23 22:58:45 --> Session: Class initialized using 'CodeIgniter\Session\Handlers\FileHandler' driver.
DEBUG - 2026-08-23 22:58:49 --> Session: Class initialized using 'CodeIgniter\Session\Handlers\FileHandler' driver.
DEBUG - 2026-08-23 22:59:45 --> Session: Class initialized using 'CodeIgniter\Session\Handlers\FileHandler' driver.
DEBUG - 2026-08-23 22:59:47 --> Session: Class initialized using 'CodeIgniter\Session\Handlers\FileHandler' driver.
INFO - 2026-08-23 23:00:25 --> CSRF token verified.
DEBUG - 2026-08-23 23:00:25 --> Session: Class initialized using 'CodeIgniter\Session\Handlers\FileHandler' driver.
DEBUG - 2026-08-23 23:00:26 --> Session: Class initialized using 'CodeIgniter\Session\Handlers\FileHandler' driver.
DEBUG - 2026-08-23 23:00:33 --> Session: Class initialized using 'CodeIgniter\Session\Handlers\FileHandler' driver.
INFO - 2026-08-23 23:00:43 --> CSRF token verified.
DEBUG - 2026-08-23 23:00:43 --> Session: Class initialized using 'CodeIgniter\Session\Handlers\FileHandler' driver.
DEBUG - 2026-08-23 23:00:44 --> Session: Class initialized using 'CodeIgniter\Session\Handlers\FileHandler' driver.
DEBUG - 2026-08-23 23:00:53 --> Session: Class initialized using 'CodeIgniter\Session\Handlers\FileHandler' driver.
DEBUG - 2026-08-23 23:01:23 --> Session: Class initialized using 'CodeIgniter\Session\Handlers\FileHandler' driver.
DEBUG - 2026-08-23 23:01:26 --> Session: Class initialized using 'CodeIgniter\Session\Handlers\FileHandler' driver.
INFO - 2026-08-23 23:01:58 --> CSRF token verified.
DEBUG - 2026-08-23 23:01:58 --> Session: Class initialized using 'CodeIgniter\Session\Handlers\FileHandler' driver.
DEBUG - 2026-08-23 23:02:02 --> Session: Class initialized using 'CodeIgniter\Session\Handlers\FileHandler' driver.
DEBUG - 2026-08-23 23:02:05 --> Session: Class initialized using 'CodeIgniter\Session\Handlers\FileHandler' driver.
INFO - 2026-08-23 23:02:05 --> CSRF token verified.
DEBUG - 2026-08-23 23:02:06 --> Session: Class initialized using 'CodeIgniter\Session\Handlers\FileHandler' driver.
DEBUG - 2026-08-23 23:02:39 --> Session: Class initialized using 'CodeIgniter\Session\Handlers\FileHandler' driver.
INFO - 2026-08-23 23:03:22 --> CSRF token verified.
DEBUG - 2026-08-23 23:03:22 --> Session: Class initialized using 'CodeIgniter\Session\Handlers\FileHandler' driver.
DEBUG - 2026-08-23 23:03:22 --> Session: Class initialized using 'CodeIgniter\Session\Handlers\FileHandler' driver.
DEBUG - 2026-08-23 23:03:27 --> Session: Class initialized using 'CodeIgniter\Session\Handlers\FileHandler' driver.
DEBUG - 2026-08-23 23:03:33 --> Session: Class initialized using 'CodeIgniter\Session\Handlers\FileHandler' driver.
DEBUG - 2026-08-23 23:03:36 --> Session: Class initialized using 'CodeIgniter\Session\Handlers\FileHandler' driver.
DEBUG - 2026-08-23 23:03:46 --> Session: Class initialized using 'CodeIgniter\Session\Handlers\FileHandler' driver.
DEBUG - 2026-08-23 23:03:48 --> Session: Class initialized using 'CodeIgniter\Session\Handlers\FileHandler' driver.
DEBUG - 2026-08-23 23:05:01 --> Session: Class initialized using 'CodeIgniter\Session\Handlers\FileHandler' driver.
INFO - 2026-08-23 23:06:44 --> CSRF token verified.
DEBUG - 2026-08-23 23:06:44 --> Session: Class initialized using 'CodeIgniter\Session\Handlers\FileHandler' driver.
DEBUG - 2026-08-23 23:06:45 --> Session: Class initialized using 'CodeIgniter\Session\Handlers\FileHandler' driver.
DEBUG - 2026-08-23 23:07:38 --> Session: Class initialized using 'CodeIgniter\Session\Handlers\FileHandler' driver.
DEBUG - 2026-08-23 23:08:23 --> Session: Class initialized using 'CodeIgniter\Session\Handlers\FileHandler' driver.
DEBUG - 2026-08-23 23:08:28 --> Session: Class initialized using 'CodeIgniter\Session\Handlers\FileHandler' driver.
INFO - 2026-08-23 23:09:38 --> CSRF token verified.
DEBUG - 2026-08-23 23:12:17 --> Session: Class initialized using 'CodeIgniter\Session\Handlers\FileHandler' driver.
INFO - 2026-08-23 23:12:18 --> CSRF token verified.
DEBUG - 2026-08-23 23:12:18 --> Session: Class initialized using 'CodeIgniter\Session\Handlers\FileHandler' driver.
DEBUG - 2026-08-23 23:12:18 --> Session: Class initialized using 'CodeIgniter\Session\Handlers\FileHandler' driver.
INFO - 2026-08-23 23:12:18 --> CSRF token verified.
DEBUG - 2026-08-23 23:12:18 --> Session: Class initialized using 'CodeIgniter\Session\Handlers\FileHandler' driver.
DEBUG - 2026-08-23 23:12:19 --> Session: Class initialized using 'CodeIgniter\Session\Handlers\FileHandler' driver.
INFO - 2026-08-23 23:12:19 --> CSRF token verified.
DEBUG - 2026-08-23 23:12:19 --> Session: Class initialized using 'CodeIgniter\Session\Handlers\FileHandler' driver.
INFO - 2026-08-23 23:12:40 --> CSRF token verified.
DEBUG - 2026-08-23 23:12:40 --> Session: Class initialized using 'CodeIgniter\Session\Handlers\FileHandler' driver.
DEBUG - 2026-08-23 23:12:41 --> Session: Class initialized using 'CodeIgniter\Session\Handlers\FileHandler' driver.
DEBUG - 2026-08-23 23:12:58 --> Session: Class initialized using 'CodeIgniter\Session\Handlers\FileHandler' driver.
DEBUG - 2026-08-23 23:13:02 --> Session: Class initialized using 'CodeIgniter\Session\Handlers\FileHandler' driver.
DEBUG - 2026-08-23 23:13:29 --> Session: Class initialized using 'CodeIgniter\Session\Handlers\FileHandler' driver.
DEBUG - 2026-08-23 23:13:33 --> Session: Class initialized using 'CodeIgniter\Session\Handlers\FileHandler' driver.
INFO - 2026-08-23 23:13:33 --> CSRF token verified.
DEBUG - 2026-08-23 23:13:35 --> Session: Class initialized using 'CodeIgniter\Session\Handlers\FileHandler' driver.
INFO - 2026-08-23 23:14:10 --> CSRF token verified.
DEBUG - 2026-08-23 23:14:10 --> Session: Class initialized using 'CodeIgniter\Session\Handlers\FileHandler' driver.
DEBUG - 2026-08-23 23:14:11 --> Session: Class initialized using 'CodeIgniter\Session\Handlers\FileHandler' driver.
DEBUG - 2026-08-23 23:14:17 --> Session: Class initialized using 'CodeIgniter\Session\Handlers\FileHandler' driver.
DEBUG - 2026-08-23 23:14:46 --> Session: Class initialized using 'CodeIgniter\Session\Handlers\FileHandler' driver.
DEBUG - 2026-08-23 23:15:04 --> Session: Class initialized using 'CodeIgniter\Session\Handlers\FileHandler' driver.
DEBUG - 2026-08-23 23:15:17 --> Session: Class initialized using 'CodeIgniter\Session\Handlers\FileHandler' driver.
DEBUG - 2026-08-23 23:15:53 --> Session: Class initialized using 'CodeIgniter\Session\Handlers\FileHandler' driver.
DEBUG - 2026-08-23 23:16:06 --> Session: Class initialized using 'CodeIgniter\Session\Handlers\FileHandler' driver.
INFO - 2026-08-23 23:18:26 --> CSRF token verified.
DEBUG - 2026-08-23 23:18:26 --> Session: Class initialized using 'CodeIgniter\Session\Handlers\FileHandler' driver.
DEBUG - 2026-08-23 23:18:27 --> Session: Class initialized using 'CodeIgniter\Session\Handlers\FileHandler' driver.
DEBUG - 2026-08-23 23:28:32 --> Session: Class initialized using 'CodeIgniter\Session\Handlers\FileHandler' driver.
DEBUG - 2026-08-23 23:28:53 --> Session: Class initialized using 'CodeIgniter\Session\Handlers\FileHandler' driver.
INFO - 2026-08-23 23:28:53 --> CSRF token verified.
DEBUG - 2026-08-23 23:28:54 --> Session: Class initialized using 'CodeIgniter\Session\Handlers\FileHandler' driver.
DEBUG - 2026-08-23 23:28:54 --> Session: Class initialized using 'CodeIgniter\Session\Handlers\FileHandler' driver.
DEBUG - 2026-08-23 23:28:54 --> Session: Class initialized using 'CodeIgniter\Session\Handlers\FileHandler' driver.
DEBUG - 2026-08-23 23:28:54 --> Session: Class initialized using 'CodeIgniter\Session\Handlers\FileHandler' driver.
DEBUG - 2026-08-23 23:28:55 --> Session: Class initialized using 'CodeIgniter\Session\Handlers\FileHandler' driver.
DEBUG - 2026-08-23 23:28:55 --> Session: Class initialized using 'CodeIgniter\Session\Handlers\FileHandler' driver.
INFO - 2026-08-23 23:28:56 --> CSRF token verified.
DEBUG - 2026-08-23 23:28:56 --> Session: Class initialized using 'CodeIgniter\Session\Handlers\FileHandler' driver.
DEBUG - 2026-08-23 23:28:56 --> Session: Class initialized using 'CodeIgniter\Session\Handlers\FileHandler' driver.
DEBUG - 2026-08-23 23:28:56 --> Session: Class initialized using 'CodeIgniter\Session\Handlers\FileHandler' driver.
DEBUG - 2026-08-23 23:28:56 --> Session: Class initialized using 'CodeIgniter\Session\Handlers\FileHandler' driver.
DEBUG - 2026-08-23 23:28:57 --> Session: Class initialized using 'CodeIgniter\Session\Handlers\FileHandler' driver.
DEBUG - 2026-08-23 23:28:57 --> Session: Class initialized using 'CodeIgniter\Session\Handlers\FileHandler' driver.
INFO - 2026-08-23 23:28:58 --> CSRF token verified.
DEBUG - 2026-08-23 23:28:58 --> Session: Class initialized using 'CodeIgniter\Session\Handlers\FileHandler' driver.
DEBUG - 2026-08-23 23:28:58 --> Session: Class initialized using 'CodeIgniter\Session\Handlers\FileHandler' driver.
DEBUG - 2026-08-23 23:28:58 --> Session: Class initialized using 'CodeIgniter\Session\Handlers\FileHandler' driver.
DEBUG - 2026-08-23 23:28:59 --> Session: Class initialized using 'CodeIgniter\Session\Handlers\FileHandler' driver.
DEBUG - 2026-08-23 23:28:59 --> Session: Class initialized using 'CodeIgniter\Session\Handlers\FileHandler' driver.
DEBUG - 2026-08-23 23:29:36 --> Session: Class initialized using 'CodeIgniter\Session\Handlers\FileHandler' driver.
INFO - 2026-08-23 23:29:36 --> CSRF token verified.
DEBUG - 2026-08-23 23:29:36 --> Session: Class initialized using 'CodeIgniter\Session\Handlers\FileHandler' driver.
DEBUG - 2026-08-23 23:29:36 --> Session: Class initialized using 'CodeIgniter\Session\Handlers\FileHandler' driver.
DEBUG - 2026-08-23 23:29:37 --> Session: Class initialized using 'CodeIgniter\Session\Handlers\FileHandler' driver.
DEBUG - 2026-08-23 23:29:37 --> Session: Class initialized using 'CodeIgniter\Session\Handlers\FileHandler' driver.
DEBUG - 2026-08-23 23:29:38 --> Session: Class initialized using 'CodeIgniter\Session\Handlers\FileHandler' driver.
INFO - 2026-08-23 23:29:38 --> CSRF token verified.
DEBUG - 2026-08-23 23:29:38 --> Session: Class initialized using 'CodeIgniter\Session\Handlers\FileHandler' driver.
DEBUG - 2026-08-23 23:29:38 --> Session: Class initialized using 'CodeIgniter\Session\Handlers\FileHandler' driver.
DEBUG - 2026-08-23 23:29:39 --> Session: Class initialized using 'CodeIgniter\Session\Handlers\FileHandler' driver.
DEBUG - 2026-08-23 23:29:39 --> Session: Class initialized using 'CodeIgniter\Session\Handlers\FileHandler' driver.
DEBUG - 2026-08-23 23:29:39 --> Session: Class initialized using 'CodeIgniter\Session\Handlers\FileHandler' driver.
DEBUG - 2026-08-23 23:29:39 --> Session: Class initialized using 'CodeIgniter\Session\Handlers\FileHandler' driver.
INFO - 2026-08-23 23:29:40 --> CSRF token verified.
DEBUG - 2026-08-23 23:29:40 --> Session: Class initialized using 'CodeIgniter\Session\Handlers\FileHandler' driver.
DEBUG - 2026-08-23 23:29:40 --> Session: Class initialized using 'CodeIgniter\Session\Handlers\FileHandler' driver.
DEBUG - 2026-08-23 23:29:40 --> Session: Class initialized using 'CodeIgniter\Session\Handlers\FileHandler' driver.
DEBUG - 2026-08-23 23:29:41 --> Session: Class initialized using 'CodeIgniter\Session\Handlers\FileHandler' driver.
DEBUG - 2026-08-23 23:29:41 --> Session: Class initialized using 'CodeIgniter\Session\Handlers\FileHandler' driver.
DEBUG - 2026-08-23 23:30:45 --> Session: Class initialized using 'CodeIgniter\Session\Handlers\FileHandler' driver.
INFO - 2026-08-23 23:31:04 --> CSRF token verified.
DEBUG - 2026-08-23 23:31:04 --> Session: Class initialized using 'CodeIgniter\Session\Handlers\FileHandler' driver.
DEBUG - 2026-08-23 23:31:04 --> Session: Class initialized using 'CodeIgniter\Session\Handlers\FileHandler' driver.
DEBUG - 2026-08-23 23:32:42 --> Session: Class initialized using 'CodeIgniter\Session\Handlers\FileHandler' driver.
DEBUG - 2026-08-23 23:33:23 --> Session: Class initialized using 'CodeIgniter\Session\Handlers\FileHandler' driver.
DEBUG - 2026-08-23 23:33:24 --> Session: Class initialized using 'CodeIgniter\Session\Handlers\FileHandler' driver.
DEBUG - 2026-08-23 23:33:24 --> Session: Class initialized using 'CodeIgniter\Session\Handlers\FileHandler' driver.
INFO - 2026-08-23 23:33:24 --> CSRF token verified.
DEBUG - 2026-08-23 23:33:24 --> Session: Class initialized using 'CodeIgniter\Session\Handlers\FileHandler' driver.
DEBUG - 2026-08-23 23:33:25 --> Session: Class initialized using 'CodeIgniter\Session\Handlers\FileHandler' driver.
DEBUG - 2026-08-23 23:33:25 --> Session: Class initialized using 'CodeIgniter\Session\Handlers\FileHandler' driver.
INFO - 2026-08-23 23:33:25 --> CSRF token verified.
DEBUG - 2026-08-23 23:33:25 --> Session: Class initialized using 'CodeIgniter\Session\Handlers\FileHandler' driver.
DEBUG - 2026-08-23 23:33:25 --> Session: Class initialized using 'CodeIgniter\Session\Handlers\FileHandler' driver.
INFO - 2026-08-23 23:33:26 --> CSRF token verified.
DEBUG - 2026-08-23 23:33:26 --> Session: Class initialized using 'CodeIgniter\Session\Handlers\FileHandler' driver.
DEBUG - 2026-08-23 23:33:26 --> Session: Class initialized using 'CodeIgniter\Session\Handlers\FileHandler' driver.
DEBUG - 2026-08-23 23:36:19 --> Session: Class initialized using 'CodeIgniter\Session\Handlers\FileHandler' driver.
DEBUG - 2026-08-23 23:36:19 --> Session: Class initialized using 'CodeIgniter\Session\Handlers\FileHandler' driver.
INFO - 2026-08-23 23:37:14 --> CSRF token verified.
DEBUG - 2026-08-23 23:37:14 --> Session: Class initialized using 'CodeIgniter\Session\Handlers\FileHandler' driver.
DEBUG - 2026-08-23 23:37:15 --> Session: Class initialized using 'CodeIgniter\Session\Handlers\FileHandler' driver.
INFO - 2026-08-23 23:37:30 --> CSRF token verified.
DEBUG - 2026-08-23 23:37:30 --> Session: Class initialized using 'CodeIgniter\Session\Handlers\FileHandler' driver.
DEBUG - 2026-08-23 23:37:31 --> Session: Class initialized using 'CodeIgniter\Session\Handlers\FileHandler' driver.
DEBUG - 2026-08-23 23:37:54 --> Session: Class initialized using 'CodeIgniter\Session\Handlers\FileHandler' driver.
INFO - 2026-08-23 23:38:39 --> CSRF token verified.
DEBUG - 2026-08-23 23:38:39 --> Session: Class initialized using 'CodeIgniter\Session\Handlers\FileHandler' driver.
DEBUG - 2026-08-23 23:38:39 --> Session: Class initialized using 'CodeIgniter\Session\Handlers\FileHandler' driver.
INFO - 2026-08-23 23:38:59 --> CSRF token verified.
DEBUG - 2026-08-23 23:38:59 --> Session: Class initialized using 'CodeIgniter\Session\Handlers\FileHandler' driver.
DEBUG - 2026-08-23 23:38:59 --> Session: Class initialized using 'CodeIgniter\Session\Handlers\FileHandler' driver.
INFO - 2026-08-23 23:39:04 --> CSRF token verified.
DEBUG - 2026-08-23 23:39:04 --> Session: Class initialized using 'CodeIgniter\Session\Handlers\FileHandler' driver.
DEBUG - 2026-08-23 23:39:04 --> Session: Class initialized using 'CodeIgniter\Session\Handlers\FileHandler' driver.
INFO - 2026-08-23 23:39:07 --> CSRF token verified.
DEBUG - 2026-08-23 23:39:07 --> Session: Class initialized using 'CodeIgniter\Session\Handlers\FileHandler' driver.
DEBUG - 2026-08-23 23:39:08 --> Session: Class initialized using 'CodeIgniter\Session\Handlers\FileHandler' driver.
DEBUG - 2026-08-23 23:39:40 --> Session: Class initialized using 'CodeIgniter\Session\Handlers\FileHandler' driver.
DEBUG - 2026-08-23 23:39:45 --> Session: Class initialized using 'CodeIgniter\Session\Handlers\FileHandler' driver.
DEBUG - 2026-08-23 23:39:49 --> Session: Class initialized using 'CodeIgniter\Session\Handlers\FileHandler' driver.
DEBUG - 2026-08-23 23:39:51 --> Session: Class initialized using 'CodeIgniter\Session\Handlers\FileHandler' driver.
DEBUG - 2026-08-23 23:41:43 --> Session: Class initialized using 'CodeIgniter\Session\Handlers\FileHandler' driver.
INFO - 2026-08-23 23:41:43 --> CSRF token verified.
DEBUG - 2026-08-23 23:41:44 --> Session: Class initialized using 'CodeIgniter\Session\Handlers\FileHandler' driver.
DEBUG - 2026-08-23 23:41:44 --> Session: Class initialized using 'CodeIgniter\Session\Handlers\FileHandler' driver.
DEBUG - 2026-08-23 23:41:44 --> Session: Class initialized using 'CodeIgniter\Session\Handlers\FileHandler' driver.
INFO - 2026-08-23 23:41:44 --> CSRF token verified.
DEBUG - 2026-08-23 23:41:44 --> Session: Class initialized using 'CodeIgniter\Session\Handlers\FileHandler' driver.
DEBUG - 2026-08-23 23:41:45 --> Session: Class initialized using 'CodeIgniter\Session\Handlers\FileHandler' driver.
DEBUG - 2026-08-23 23:41:45 --> Session: Class initialized using 'CodeIgniter\Session\Handlers\FileHandler' driver.
INFO - 2026-08-23 23:41:46 --> CSRF token verified.
DEBUG - 2026-08-23 23:41:46 --> Session: Class initialized using 'CodeIgniter\Session\Handlers\FileHandler' driver.
INFO - 2026-08-23 23:41:46 --> CSRF token verified.
DEBUG - 2026-08-23 23:41:46 --> Session: Class initialized using 'CodeIgniter\Session\Handlers\FileHandler' driver.
DEBUG - 2026-08-23 23:41:46 --> Session: Class initialized using 'CodeIgniter\Session\Handlers\FileHandler' driver.
DEBUG - 2026-08-23 23:41:47 --> Session: Class initialized using 'CodeIgniter\Session\Handlers\FileHandler' driver.
INFO - 2026-08-23 23:41:47 --> CSRF token verified.
DEBUG - 2026-08-23 23:41:47 --> Session: Class initialized using 'CodeIgniter\Session\Handlers\FileHandler' driver.
DEBUG - 2026-08-23 23:41:47 --> Session: Class initialized using 'CodeIgniter\Session\Handlers\FileHandler' driver.
INFO - 2026-08-23 23:41:48 --> CSRF token verified.
DEBUG - 2026-08-23 23:41:48 --> Session: Class initialized using 'CodeIgniter\Session\Handlers\FileHandler' driver.
DEBUG - 2026-08-23 23:41:48 --> Session: Class initialized using 'CodeIgniter\Session\Handlers\FileHandler' driver.
DEBUG - 2026-08-23 23:41:49 --> Session: Class initialized using 'CodeIgniter\Session\Handlers\FileHandler' driver.
INFO - 2026-08-23 23:41:49 --> CSRF token verified.
DEBUG - 2026-08-23 23:41:49 --> Session: Class initialized using 'CodeIgniter\Session\Handlers\FileHandler' driver.
DEBUG - 2026-08-23 23:41:49 --> Session: Class initialized using 'CodeIgniter\Session\Handlers\FileHandler' driver.
DEBUG - 2026-08-23 23:41:50 --> Session: Class initialized using 'CodeIgniter\Session\Handlers\FileHandler' driver.
DEBUG - 2026-08-23 23:41:50 --> Session: Class initialized using 'CodeIgniter\Session\Handlers\FileHandler' driver.
INFO - 2026-08-23 23:42:00 --> CSRF token verified.
DEBUG - 2026-08-23 23:42:00 --> Session: Class initialized using 'CodeIgniter\Session\Handlers\FileHandler' driver.
DEBUG - 2026-08-23 23:42:00 --> Session: Class initialized using 'CodeIgniter\Session\Handlers\FileHandler' driver.
DEBUG - 2026-08-23 23:42:05 --> Session: Class initialized using 'CodeIgniter\Session\Handlers\FileHandler' driver.
DEBUG - 2026-08-23 23:42:41 --> Session: Class initialized using 'CodeIgniter\Session\Handlers\FileHandler' driver.
DEBUG - 2026-08-23 23:42:41 --> Session: Class initialized using 'CodeIgniter\Session\Handlers\FileHandler' driver.
INFO - 2026-08-23 23:43:09 --> CSRF token verified.
DEBUG - 2026-08-23 23:43:09 --> Session: Class initialized using 'CodeIgniter\Session\Handlers\FileHandler' driver.
DEBUG - 2026-08-23 23:43:09 --> Session: Class initialized using 'CodeIgniter\Session\Handlers\FileHandler' driver.
INFO - 2026-08-23 23:43:12 --> CSRF token verified.
DEBUG - 2026-08-23 23:43:12 --> Session: Class initialized using 'CodeIgniter\Session\Handlers\FileHandler' driver.
DEBUG - 2026-08-23 23:43:13 --> Session: Class initialized using 'CodeIgniter\Session\Handlers\FileHandler' driver.
DEBUG - 2026-08-23 23:43:13 --> Session: Class initialized using 'CodeIgniter\Session\Handlers\FileHandler' driver.
DEBUG - 2026-08-23 23:43:14 --> Session: Class initialized using 'CodeIgniter\Session\Handlers\FileHandler' driver.
DEBUG - 2026-08-23 23:43:14 --> Session: Class initialized using 'CodeIgniter\Session\Handlers\FileHandler' driver.
INFO - 2026-08-23 23:43:46 --> CSRF token verified.
DEBUG - 2026-08-23 23:43:46 --> Session: Class initialized using 'CodeIgniter\Session\Handlers\FileHandler' driver.
DEBUG - 2026-08-23 23:43:46 --> Session: Class initialized using 'CodeIgniter\Session\Handlers\FileHandler' driver.
DEBUG - 2026-08-23 23:44:18 --> Session: Class initialized using 'CodeIgniter\Session\Handlers\FileHandler' driver.
DEBUG - 2026-08-23 23:44:24 --> Session: Class initialized using 'CodeIgniter\Session\Handlers\FileHandler' driver.
DEBUG - 2026-08-23 23:46:07 --> Session: Class initialized using 'CodeIgniter\Session\Handlers\FileHandler' driver.
DEBUG - 2026-08-23 23:48:47 --> Session: Class initialized using 'CodeIgniter\Session\Handlers\FileHandler' driver.
DEBUG - 2026-08-23 23:50:29 --> Session: Class initialized using 'CodeIgniter\Session\Handlers\FileHandler' driver.
DEBUG - 2026-08-23 23:50:37 --> Session: Class initialized using 'CodeIgniter\Session\Handlers\FileHandler' driver.
INFO - 2026-08-23 23:51:52 --> CSRF token verified.
DEBUG - 2026-08-23 23:51:52 --> Session: Class initialized using 'CodeIgniter\Session\Handlers\FileHandler' driver.
DEBUG - 2026-08-23 23:51:53 --> Session: Class initialized using 'CodeIgniter\Session\Handlers\FileHandler' driver.
INFO - 2026-08-23 23:51:58 --> CSRF token verified.
DEBUG - 2026-08-23 23:51:58 --> Session: Class initialized using 'CodeIgniter\Session\Handlers\FileHandler' driver.
DEBUG - 2026-08-23 23:51:58 --> Session: Class initialized using 'CodeIgniter\Session\Handlers\FileHandler' driver.
INFO - 2026-08-23 23:52:11 --> CSRF token verified.
DEBUG - 2026-08-23 23:52:11 --> Session: Class initialized using 'CodeIgniter\Session\Handlers\FileHandler' driver.
DEBUG - 2026-08-23 23:52:12 --> Session: Class initialized using 'CodeIgniter\Session\Handlers\FileHandler' driver.
INFO - 2026-08-23 23:52:37 --> CSRF token verified.
DEBUG - 2026-08-23 23:52:37 --> Session: Class initialized using 'CodeIgniter\Session\Handlers\FileHandler' driver.
DEBUG - 2026-08-23 23:52:37 --> Session: Class initialized using 'CodeIgniter\Session\Handlers\FileHandler' driver.
DEBUG - 2026-08-23 23:53:02 --> Session: Class initialized using 'CodeIgniter\Session\Handlers\FileHandler' driver.
INFO - 2026-08-23 23:53:03 --> CSRF token verified.
DEBUG - 2026-08-23 23:53:03 --> Session: Class initialized using 'CodeIgniter\Session\Handlers\FileHandler' driver.
DEBUG - 2026-08-23 23:53:03 --> Session: Class initialized using 'CodeIgniter\Session\Handlers\FileHandler' driver.
DEBUG - 2026-08-23 23:53:03 --> Session: Class initialized using 'CodeIgniter\Session\Handlers\FileHandler' driver.
INFO - 2026-08-23 23:53:04 --> CSRF token verified.
DEBUG - 2026-08-23 23:53:04 --> Session: Class initialized using 'CodeIgniter\Session\Handlers\FileHandler' driver.
DEBUG - 2026-08-23 23:53:04 --> Session: Class initialized using 'CodeIgniter\Session\Handlers\FileHandler' driver.
DEBUG - 2026-08-23 23:53:05 --> Session: Class initialized using 'CodeIgniter\Session\Handlers\FileHandler' driver.
INFO - 2026-08-23 23:53:05 --> CSRF token verified.
DEBUG - 2026-08-23 23:53:05 --> Session: Class initialized using 'CodeIgniter\Session\Handlers\FileHandler' driver.
DEBUG - 2026-08-23 23:53:05 --> Session: Class initialized using 'CodeIgniter\Session\Handlers\FileHandler' driver.
DEBUG - 2026-08-23 23:53:05 --> Session: Class initialized using 'CodeIgniter\Session\Handlers\FileHandler' driver.
DEBUG - 2026-08-23 23:53:06 --> Session: Class initialized using 'CodeIgniter\Session\Handlers\FileHandler' driver.
DEBUG - 2026-08-23 23:53:06 --> Session: Class initialized using 'CodeIgniter\Session\Handlers\FileHandler' driver.
DEBUG - 2026-08-23 23:53:06 --> Session: Class initialized using 'CodeIgniter\Session\Handlers\FileHandler' driver.
DEBUG - 2026-08-23 23:53:06 --> Session: Class initialized using 'CodeIgniter\Session\Handlers\FileHandler' driver.
DEBUG - 2026-08-23 23:53:07 --> Session: Class initialized using 'CodeIgniter\Session\Handlers\FileHandler' driver.
DEBUG - 2026-08-23 23:53:07 --> Session: Class initialized using 'CodeIgniter\Session\Handlers\FileHandler' driver.
INFO - 2026-08-23 23:53:07 --> CSRF token verified.
DEBUG - 2026-08-23 23:53:07 --> Session: Class initialized using 'CodeIgniter\Session\Handlers\FileHandler' driver.
DEBUG - 2026-08-23 23:53:07 --> Session: Class initialized using 'CodeIgniter\Session\Handlers\FileHandler' driver.
INFO - 2026-08-23 23:53:15 --> CSRF token verified.
DEBUG - 2026-08-23 23:53:15 --> Session: Class initialized using 'CodeIgniter\Session\Handlers\FileHandler' driver.
DEBUG - 2026-08-23 23:53:15 --> Session: Class initialized using 'CodeIgniter\Session\Handlers\FileHandler' driver.
INFO - 2026-08-23 23:53:17 --> CSRF token verified.
DEBUG - 2026-08-23 23:53:17 --> Session: Class initialized using 'CodeIgniter\Session\Handlers\FileHandler' driver.
DEBUG - 2026-08-23 23:53:17 --> Session: Class initialized using 'CodeIgniter\Session\Handlers\FileHandler' driver.
DEBUG - 2026-08-23 23:53:20 --> Session: Class initialized using 'CodeIgniter\Session\Handlers\FileHandler' driver.
DEBUG - 2026-08-23 23:53:32 --> Session: Class initialized using 'CodeIgniter\Session\Handlers\FileHandler' driver.
INFO - 2026-08-23 23:55:35 --> CSRF token verified.
DEBUG - 2026-08-23 23:55:35 --> Session: Class initialized using 'CodeIgniter\Session\Handlers\FileHandler' driver.
CRITICAL - 2026-08-23 23:55:35 --> TypeError: CodeIgniter\HTTP\RedirectResponse::with(): Argument #1 ($key) must be of type string, array given, called in C:\xampp\htdocs\operasional\app\Controllers\KelolaAkun.php on line 207
[Method: POST, Route: kelola-akun/13]
in SYSTEMPATH\HTTP\RedirectResponse.php on line 132.
 1 APPPATH\Controllers\KelolaAkun.php(207): CodeIgniter\HTTP\RedirectResponse->with([...])
 2 APPPATH\Controllers\KelolaAkun.php(114): App\Controllers\KelolaAkun->formError('edit', [...], [...], 13)
 3 SYSTEMPATH\CodeIgniter.php(974): App\Controllers\KelolaAkun->update(13)
 4 SYSTEMPATH\CodeIgniter.php(520): CodeIgniter\CodeIgniter->runController(Object(App\Controllers\KelolaAkun))
 5 SYSTEMPATH\CodeIgniter.php(363): CodeIgniter\CodeIgniter->handleRequest(null, Object(Config\Cache), false)
 6 SYSTEMPATH\Boot.php(417): CodeIgniter\CodeIgniter->run()
 7 SYSTEMPATH\Boot.php(68): CodeIgniter\Boot::runCodeIgniter(Object(CodeIgniter\CodeIgniter))
 8 FCPATH\index.php(59): CodeIgniter\Boot::bootWeb(Object(Config\Paths))
 9 SYSTEMPATH\rewrite.php(44): require_once('C:\\xampp\\htdocs\\operasional\\public\\index.php')
INFO - 2026-08-23 23:55:42 --> CSRF token verified.
DEBUG - 2026-08-23 23:55:42 --> Session: Class initialized using 'CodeIgniter\Session\Handlers\FileHandler' driver.
CRITICAL - 2026-08-23 23:55:42 --> TypeError: CodeIgniter\HTTP\RedirectResponse::with(): Argument #1 ($key) must be of type string, array given, called in C:\xampp\htdocs\operasional\app\Controllers\KelolaAkun.php on line 207
[Method: POST, Route: kelola-akun/13]
in SYSTEMPATH\HTTP\RedirectResponse.php on line 132.
 1 APPPATH\Controllers\KelolaAkun.php(207): CodeIgniter\HTTP\RedirectResponse->with([...])
 2 APPPATH\Controllers\KelolaAkun.php(114): App\Controllers\KelolaAkun->formError('edit', [...], [...], 13)
 3 SYSTEMPATH\CodeIgniter.php(974): App\Controllers\KelolaAkun->update(13)
 4 SYSTEMPATH\CodeIgniter.php(520): CodeIgniter\CodeIgniter->runController(Object(App\Controllers\KelolaAkun))
 5 SYSTEMPATH\CodeIgniter.php(363): CodeIgniter\CodeIgniter->handleRequest(null, Object(Config\Cache), false)
 6 SYSTEMPATH\Boot.php(417): CodeIgniter\CodeIgniter->run()
 7 SYSTEMPATH\Boot.php(68): CodeIgniter\Boot::runCodeIgniter(Object(CodeIgniter\CodeIgniter))
 8 FCPATH\index.php(59): CodeIgniter\Boot::bootWeb(Object(Config\Paths))
 9 SYSTEMPATH\rewrite.php(44): require_once('C:\\xampp\\htdocs\\operasional\\public\\index.php')
INFO - 2026-08-23 23:56:05 --> CSRF token verified.
DEBUG - 2026-08-23 23:56:05 --> Session: Class initialized using 'CodeIgniter\Session\Handlers\FileHandler' driver.
CRITICAL - 2026-08-23 23:56:05 --> TypeError: CodeIgniter\HTTP\RedirectResponse::with(): Argument #1 ($key) must be of type string, array given, called in C:\xampp\htdocs\operasional\app\Controllers\KelolaAkun.php on line 207
[Method: POST, Route: kelola-akun/13]
in SYSTEMPATH\HTTP\RedirectResponse.php on line 132.
 1 APPPATH\Controllers\KelolaAkun.php(207): CodeIgniter\HTTP\RedirectResponse->with([...])
 2 APPPATH\Controllers\KelolaAkun.php(114): App\Controllers\KelolaAkun->formError('edit', [...], [...], 13)
 3 SYSTEMPATH\CodeIgniter.php(974): App\Controllers\KelolaAkun->update(13)
 4 SYSTEMPATH\CodeIgniter.php(520): CodeIgniter\CodeIgniter->runController(Object(App\Controllers\KelolaAkun))
 5 SYSTEMPATH\CodeIgniter.php(363): CodeIgniter\CodeIgniter->handleRequest(null, Object(Config\Cache), false)
 6 SYSTEMPATH\Boot.php(417): CodeIgniter\CodeIgniter->run()
 7 SYSTEMPATH\Boot.php(68): CodeIgniter\Boot::runCodeIgniter(Object(CodeIgniter\CodeIgniter))
 8 FCPATH\index.php(59): CodeIgniter\Boot::bootWeb(Object(Config\Paths))
 9 SYSTEMPATH\rewrite.php(44): require_once('C:\\xampp\\htdocs\\operasional\\public\\index.php')
DEBUG - 2026-08-23 23:56:44 --> Session: Class initialized using 'CodeIgniter\Session\Handlers\FileHandler' driver.
DEBUG - 2026-08-23 23:59:09 --> Session: Class initialized using 'CodeIgniter\Session\Handlers\FileHandler' driver.
DEBUG - 2026-08-23 23:59:49 --> Session: Class initialized using 'CodeIgniter\Session\Handlers\FileHandler' driver.
